week,n,mkt,q1,q5,A_hl,long_leg,short_leg,B_hl,short_frac,C_long,C_mkt,roll_sharpe
201510,25,0.0770501591466871,0.020707324570862926,-0.13715913528110724,-0.15786645985197018,-0.21420929442779435,0.056342834575824174,,0.0,,,
201521,25,0.022689216856969816,0.01507658225290498,-0.0367488986477498,-0.05182548090065478,-0.05943811550471961,0.007612634604064836,,0.0,,,
201522,28,-0.03749343507637431,0.05095683558767783,-0.10435699257999648,-0.1553138281676743,-0.06686355750362216,-0.08845027066405214,,0.0,,,
201523,29,0.013545527446520926,-0.00845515311478784,0.1992801010779925,0.20773525419278033,0.18573457363147156,0.022000680561308765,,0.0,,,
201524,30,0.10922260940867845,0.14423035681663407,-0.16973913865267132,-0.3139694954693054,-0.27896174806134977,-0.03500774740795562,,0.0,,,
201525,33,-0.02414129267523242,-0.03247220838405283,0.07464184542226439,0.10711405380631722,0.09878313809749681,0.008330915708820406,,0.0,,,
201526,31,0.08049878048479554,-0.006573698120267785,0.1266761844599314,0.13324988258019918,0.04617740397513585,0.08707247860506333,,0.0,,,
201527,34,0.051044094861790276,-0.03940457913924557,0.08524288648321239,0.12464746562245796,0.034198791621422114,0.09044867400103584,,0.0,,,
201528,31,0.022049550138588985,-0.04097720471834495,-0.28736869326179365,-0.2463914885434487,-0.30941824340038265,0.06302675485693393,,0.0,,,
201529,31,-0.03740757079356827,-0.01181011472273541,-0.030562743695666302,-0.018752628972930892,0.0068448270979019656,-0.025597456070832858,,0.0,,,
201530,32,0.055811733537168666,0.11760784843798529,0.08816925578522629,-0.029438592652759,0.03235752224805762,-0.06179611490081662,,0.0,,,
201531,32,-0.031381104081348345,-0.08950760198601175,-0.08260953398966607,0.00689806799634568,-0.051228429908317726,0.058126497904663406,,0.0,,,
201532,31,-0.05296444233275574,-0.01512606573817401,-0.07498258440872746,-0.05985651867055345,-0.02201814207597172,-0.03783837659458173,,0.0,,,
201533,25,-0.1442826170923949,-0.17010095461601749,-0.20099199748900068,-0.030891042872983193,-0.05670938039660578,0.025818337523622586,,0.0,,,
201535,25,0.01391812458276458,0.028874486647528074,0.01557731936686117,-0.013297167280666903,0.0016591947840965907,-0.014956362064763494,,0.0,,,
201536,28,0.033624301681832496,0.04854217537954516,-0.07060769243526221,-0.11914986781480738,-0.10423199411709472,-0.014917873697712664,,0.0,,,
201537,26,-0.04288128534980128,-0.08798537947844662,-0.038068798883897886,0.04991658059454873,0.004812486465903397,0.045104094128645335,,0.0,,,
201539,27,0.009732667824258086,-0.16183942732987674,-0.0346128013296605,0.12722662600021625,-0.044345469153918585,0.17157209515413482,,0.0,,,
201540,29,0.02208218733460618,-0.022645368581728765,-0.11929899768744853,-0.09665362910571977,-0.1413811850220547,0.04472755591633494,,0.0,,,
201541,28,0.031773007584254026,-0.02208744193710228,0.03700356990457484,0.059091011841677116,0.005230562320320813,0.05386044952135631,,0.0,,,
201542,28,0.04143127532542484,-0.08451167905949498,0.0531174199528625,0.13762909901235748,0.01168614462743766,0.12594295438491981,,0.0,,,
201543,30,0.14055529625125968,0.19729917965459415,0.14417437078569953,-0.05312480886889462,0.0036190745344398534,-0.05674388340333447,,0.0,,,
201544,29,0.33074914515958415,0.08303584578559127,0.34350776482366685,0.2604719190380756,0.012758619664082704,0.2477132993739929,,0.0,,,
201545,26,-0.2399540938315799,-0.1268413028946074,-0.2440748647295017,-0.1172335618348943,-0.004120770897921816,-0.11311279093697249,,0.0,,,
201546,25,0.07521260585708667,0.06781585905566385,0.12139329424266343,0.053577435186999575,0.04618068838557676,0.007396746801422813,,0.0,,,
201547,27,-0.018283203976447632,0.012553311075852792,-0.11196812192182057,-0.12452143299767336,-0.09368491794537294,-0.030836515052300423,,0.0,,,
201548,26,0.08451523557204361,-0.04112061128050974,0.051574473846987386,0.09269508512749713,-0.03294076172505623,0.12563584685255336,,0.0,,,
201549,27,0.17905149879411494,0.00964290117900093,0.16213114215151034,0.1524882409725094,-0.016920356642604606,0.169408597615114,,0.0,,,
201550,30,0.07524706176409421,0.20825141352958326,0.07621845676567575,-0.13203295676390753,0.0009713950015815404,-0.13300435176548905,,0.0,,,
201551,29,-0.0315047054831753,-0.05757946904148828,-0.028694303419801087,0.028885165621687192,0.002810402063374212,0.02607476355831298,,0.0,,,
201552,31,-0.023913384621894837,-0.027159602199561206,-0.026749577186479773,0.00041002501308143313,-0.0028361925645849356,0.0032462175776663688,,0.0,,,
201601,32,0.06004029762647392,0.01356436053093668,-0.029433629602314704,-0.04299799013325138,-0.08947392722878862,0.04647593709553724,,0.0,,,
201602,30,-0.054253715120082646,0.11243239193604943,0.460610385469187,0.34817799353313755,0.5148641005892696,-0.16668610705613207,,0.0,,,
201603,30,-0.041326735242575484,-0.051591146141436235,0.2189297062939904,0.2705208524354266,0.26025644153656585,0.010264410898860751,,0.0,,,
201604,31,-0.04736955555652838,0.16924282258202372,0.4484009428601542,0.2791581202781305,0.4957704984166826,-0.2166123781385521,,0.0,,,
201605,38,0.024578882299304203,0.024217905331327647,-0.01954994311502695,-0.0437678484463546,-0.04412882541433115,0.0003609769679765555,,0.0,,,
201606,40,0.021117814328981105,-0.16879452431500647,0.6497069527835944,0.8185014770986008,0.6285891384546133,0.18991233864398757,,0.0,,,
201607,44,0.08136062496664997,0.077290872293506,-0.14770387032660268,-0.22499474262010866,-0.22906449529325265,0.004069752673143981,,0.0,,,
201608,46,0.02363920598387113,0.021435028309259568,0.17035760756660334,0.14892257925734378,0.14671840158273222,0.0022041776746115627,,0.0,,,
201609,45,0.02914781958492602,-0.0775279805737497,0.5083151542339482,0.5858431348076979,0.4791673346490222,0.10667580015867571,,0.0,,,
201610,46,0.017916031797507573,0.029765209090911165,0.208290467716087,0.17852525862517585,0.19037443591857944,-0.011849177293403592,,0.0,,,
201611,50,0.0038940358629583702,-0.004380449875870833,-0.024337989427403443,-0.01995753955153261,-0.028232025290361812,0.008274485738829204,,0.0,-0.029213451983679077,0.002988178663642724,
201612,52,-0.00526591038415364,-0.023697288464284445,0.02058131166171251,0.04427860012599695,0.025847222045866147,0.018431378080130803,,0.0,-0.020682309639455724,-0.006087566001387994,
201613,57,-0.0022426623335270305,0.033552439046802746,-0.0617940484093373,-0.09534648745614005,-0.059551386075810266,-0.03579510138032978,,0.0,-0.16580155428240045,-0.0025982267333310143,
201614,57,-0.0040889957164028795,-0.07179177713069858,-0.09865836820026996,-0.026866591069571386,-0.09456937248386708,0.0677027814142957,,0.0,-0.1856666676852403,-0.005188727233290328,
201615,55,-0.019031784042918866,-0.019541089301935516,-0.17426178251076233,-0.1547206932088268,-0.15522999846784347,0.00050930525901665,,0.0,-0.1811290372847873,-0.01905964103861085,
201616,54,0.05231079100309709,0.016949116026580953,0.05804483197737898,0.04109571595079803,0.005734040974281894,0.035361674976516135,,0.0,0.05890400415213045,0.05293203103156008,
201617,53,-0.012881569923174564,-0.09854559159670778,-0.004912820706406617,0.09363277089030117,0.007968749216767946,0.08566402167353322,,0.0,-0.06706427978053166,-0.012139855564897448,
201618,53,0.021721493296390178,0.3433684231248479,-0.002919048782952788,-0.3462874719078007,-0.024640542079342964,-0.3216469298284577,,0.0,-0.021847415454838866,0.021605690212520127,
201619,51,0.014655696287448785,-0.00040341840563956985,0.02362308873416474,0.02402650713980431,0.008967392446715955,0.015059114693088354,,0.0,0.02407872149216828,0.014799189876143455,
201620,50,0.015068072693706566,-0.007102717128219658,0.016359079715612946,0.023461796843832605,0.0012910070219063798,0.022170789821926225,,0.0,0.4350646787377243,0.0151841864636361,
201621,49,0.0049765541057137696,-0.09523058337493252,-0.14665129887783865,-0.051420715502906125,-0.1516278529835524,0.10020713748064629,,0.0,-0.1533883140768552,0.003658250978804577,1.1609939353266365
201622,50,0.1669500964212947,0.03402405098031728,0.09689123909652506,0.06286718811620778,-0.07005885732476966,0.13292604544097744,,0.0,0.1092251457922142,0.16963129898415347,1.3261378010407359
201623,50,0.06248793596318292,0.0624696187470908,0.0666131069016821,0.004143488154591299,0.004125170938499179,1.8317216092120225e-05,,0.0,0.06836934062052892,0.06239720901942908,1.3676941536327851
201624,51,0.3338294506475337,0.2359094377053883,0.22689011388605027,-0.009019323819338038,-0.10693933676148346,0.09792001294214542,,0.0,0.29422386062553135,0.3359314971161691,1.4836579207733347
201625,55,-0.19937570238226296,-0.1267667071542896,-0.20128609921300838,-0.0745193920587188,-0.0019103968307454255,-0.07260899522797337,,0.0,0.08857549167779394,-0.19972742839198096,1.2891381697271764
201626,56,0.06673024795944396,0.046521014801523,0.23109800010426707,0.18457698530274408,0.1643677521448231,0.02020923315792096,,0.0,0.601099129281089,0.06668740313713782,1.6897547304585443
201627,57,-0.06043268322868235,-0.18422856124873946,-0.22751380131514146,-0.043285240066402,-0.1670811180864591,0.1237958780200571,,0.0,-0.27525223137438903,-0.0615031485231977,1.5783429119353
201628,60,0.05819270699910029,0.13236525020423362,2.2635481255141654,2.131182875309932,2.2053554185150652,-0.07417254320513333,,0.0,0.04489751807239316,0.036157579095678204,1.664809525905769
201629,61,0.014799288017851625,0.015865019470997933,-0.06234227369744903,-0.07820729316844696,-0.07714156171530066,-0.0010657314531463073,,0.0,-0.06750734826989795,0.01442095102279468,1.5807264270125987
201630,62,-0.020386420236470585,-0.011829060233587494,-0.175561158212727,-0.1637320979791395,-0.15517473797625642,-0.008557360002883091,,0.0,-0.18404492718622875,-0.020129057544634035,1.6199184023156283
201631,59,-0.11666162151411986,-0.13859786071065197,-0.011785596218371166,0.1268122644922808,0.1048760252957487,0.021936239196532106,,0.0,-0.01513972920753699,-0.11713886694461498,1.6793166771340187
201633,62,-0.024387008869107142,-0.025628165697436322,0.1424067056149558,0.16803487131239211,0.16679371448406294,0.0012411568283291798,,0.0,0.1126244193743301,-0.025252494627001233,1.7593269994412428
201634,56,0.0033146326961573614,-0.15769488970804155,0.03511012051153414,0.1928050102195757,0.031795487815376784,0.1610095224041989,,0.0,0.0810717745307606,0.003374367564666672,1.8332071586742245
201635,59,-7.967904990469464e-05,-0.10157761869518638,0.27431083838204573,0.3758884570772321,0.2743905174319504,0.10149793964528168,,0.0,0.3150506848238397,-0.0005920561396992388,1.9986933034464793
201637,72,-0.018481943942744907,-0.00039039316761117077,-0.22370835765619876,-0.2233179644885876,-0.20522641371345385,-0.018091550775133736,,0.0,-0.24906665516622178,-0.020417081100685443,1.9086249822231658
201644,71,-0.01144218776329033,-0.11073734809201168,0.0003915890230882306,0.11112893711509991,0.01183377678637856,0.09929516032872135,,0.0,0.0005237061986471553,-0.01098493669003937,1.959747479541084
201646,67,0.02485138650440503,0.011501138100935239,0.03525165398077386,0.02375051587983862,0.010400267476368828,0.013350248403469793,,0.0,0.035307893853049964,0.02511157373293451,2.0232015434251824
201649,66,0.01479447630889712,-0.022682432727249405,0.027511353781466918,0.05019378650871632,0.012716877472569797,0.037476909036146526,,0.0,0.019427036572831357,0.015004922972334139,2.0233163165370565
201650,68,0.006355686610962132,0.02045359437818686,0.00847867580595993,-0.011974918572226928,0.0021229891949977988,-0.014097907767224728,,0.0,0.008425954520053786,0.006420890692242643,1.9661384521521275
201651,67,0.09605287925685191,0.038208736510905075,0.07433566089647235,0.03612692438556728,-0.021717218360379556,0.05784414274594683,,0.0,0.09140836511683968,0.09720960044127415,2.0245016573704366
201652,66,0.11417117472535987,0.06548019868820804,0.11380833583444126,0.04832813714623323,-0.000362838890918607,0.048690976037151834,,0.0,0.11399583673710441,0.11498784072288687,2.0200508462587794
201701,68,-0.04237355750099815,0.02824686896635019,-0.05512514384091953,-0.08337201280726972,-0.012751586339921378,-0.07062042646734834,,0.0,-0.05508398688856483,-0.04274181810185609,1.9271332525344216
201702,67,-0.08936479863761108,0.010966633213161898,-0.05493913487152251,-0.0659057680846844,0.03442566376608858,-0.10033143185077298,,0.0,-0.05323659490790971,-0.0900756219987755,1.9214388919499525
201703,74,0.12221970275840403,0.12436165290147021,0.0076894038797197355,-0.11667224902175047,-0.1145302988786843,-0.0021419501430661736,,0.0,-0.007562735889394535,0.12187134144439801,1.76944924044939
201704,81,-0.00022165992648153982,-0.005271348821203544,0.12694331356551902,0.13221466238672255,0.12716497349200057,0.005049688894722004,,0.0,0.20522936849667353,-0.0010551134344636325,1.8747172827722223
201705,84,0.12406384746912096,0.03992334704794032,0.18766121689051696,0.14773786984257664,0.063597369421396,0.08414050042118063,,0.0,0.35937604644843363,0.12469978944832973,1.912006923470838
201706,87,-0.035937902709592275,-0.024368584410746748,-0.0708627585157009,-0.04649417410495415,-0.03492485580610862,-0.011569318298845527,,0.0,-0.11112841410548857,-0.03584787942343475,1.9475338396268729
201707,86,0.0503571180906419,-0.08252010112513342,0.1162383761205597,0.19875847724569312,0.0658812580299178,0.13287721921577533,,0.0,0.1280596940357145,0.0511709878508604,1.9881832153315036
201708,89,0.07495686217280507,0.0012713766880216948,0.0794766154866275,0.0782052387986058,0.004519753313822428,0.07368548548478338,,0.0,0.08193578492539577,0.07551283035096348,1.9589940604274962
201709,91,0.1166471602031667,0.027229428304400383,0.11892248704235826,0.09169305873795788,0.0022753268391915576,0.08941773189876633,,0.0,0.11901352003238012,0.11736407228124751,2.0571317985547446
201710,94,-0.03372339933863624,-0.053426731119953906,-0.03527037685211721,0.018156354267836697,-0.001546977513480971,0.019703331781317668,,0.0,0.12326600955258107,-0.03385926337633322,2.052556061304015
201711,88,-0.07052742955217672,0.20081483097807123,0.5197585083356346,0.3189436773575634,0.5902859378878114,-0.27134226053024796,,0.0,0.5380818545232349,-0.07152432827168373,2.1737397031464547
201712,93,0.08151941185700057,0.0002651422390347675,0.04478304080930253,0.044517898570267764,-0.03673637104769804,0.0812542696179658,,0.0,0.023013846319878645,0.08037716341281086,2.212048185925041
201713,108,0.11008178521978963,0.1134282661255049,0.09586514563384158,-0.017563120491663323,-0.014216639585948057,-0.0033464809057152656,,0.0,0.0983674111423256,0.10787946389048449,2.073329478832158
201714,120,0.04473537653349578,-0.008390816845277663,0.1792806986361904,0.18767151548146804,0.1345453221026946,0.053126193378773445,,0.0,0.18046107755675025,0.04430783706164216,2.04366975607602
201715,124,0.031035577523354528,0.1026875073498041,0.0020843998534133467,-0.10060310749639076,-0.02895117766994118,-0.07165192982644958,,0.0,0.421422360367962,0.02820347106649818,1.8901536772280216
201716,131,0.0451075962041303,0.08061782772150779,-0.07213063783639066,-0.15274846555789845,-0.11723823404052097,-0.035510231517377484,,0.0,0.0759430463785084,0.044253462291834744,1.8400648839441878
201717,143,0.17601595700109537,0.5099078034350635,0.32029717983241807,-0.1896106236026454,0.1442812228313227,-0.3338918464339681,,0.0,0.34605562428743736,0.17636098823489793,1.4950791255745652
201718,155,0.30652574387893744,0.16486951094895333,0.5003767524708935,0.3355072415219402,0.1938510085919561,0.1416562329299841,,0.0,0.5195586327566657,0.3065346609787132,1.7326345705076067
201719,163,0.1758721608327661,0.0274071076479623,0.7292131395179782,0.7018060318700159,0.553340978685212,0.1484650531848038,,0.0,0.7633295959543531,0.17657887689103663,1.901213932317441
201720,175,0.2968681367574543,0.16436324403643932,0.21545342820770041,0.0510901841712611,-0.08141470854975391,0.132504892721015,,0.0,0.6158146469507809,0.29722924380703436,1.72081918516258
201721,184,-0.04426423564343202,-0.11878632895800822,0.16267062317182504,0.28145695212983324,0.20693485881525706,0.07452209331457621,,0.0,0.2063422702415391,-0.04478894638114958,1.7587309206707558
201722,193,0.31359874368178037,0.36942826056883926,0.42021096185607726,0.050782701287238,0.10661221817429689,-0.055829516887058894,,0.0,0.4197637685658733,0.31025747515958035,1.789425483334943
201723,217,0.2206815573666568,0.15313479099265953,0.08829555028897207,-0.06483924070368746,-0.13238600707768472,0.06754676637399726,,0.0,0.08220861371131087,0.21948900589592724,1.741264559474332
201724,228,0.004553928651543155,0.019974769063950477,0.10423915880784985,0.08426438974389938,0.0996852301563067,-0.015420840412407322,,0.0,0.10843773155226191,0.004894818888312872,1.8203999348172368
201725,229,-0.03784361346920873,0.006804716363667955,-0.11801280037226887,-0.12481751673593683,-0.08016918690306013,-0.044648329832876685,,0.0,-0.12148655044419204,-0.039244091029051666,1.7750379287736189
201726,241,-0.12514235502377202,-0.20851260959086704,-0.1952564871052648,0.013256122485602234,-0.07011413208149278,0.08337025456709501,,0.0,-0.20620399682887577,-0.1253761127587094,1.852747878693052
201727,249,-0.0025909873989335753,-0.038553830428423565,-0.01256508682777662,0.025988743600646944,-0.009974099428843045,0.03596284302948999,,0.0,-0.03293134525268474,-0.0026038796304113793,1.846230508594268
201728,252,-0.2749774528410789,-0.38318467595811345,-0.3098253036253091,0.07335937233280437,-0.034847850784230194,0.10820722311703457,,0.0,-0.2355018814804472,-0.2748904724358655,1.8378152537130448
201729,260,0.37548872924245236,0.3966531841901566,0.21509465711432646,-0.18155852707583015,-0.1603940721281259,-0.021164454947704248,,0.0,0.250722418459945,0.37533598027181103,1.9256748445559617
201730,269,-0.07770141375997304,-0.12106416578474537,-0.05156976157836264,0.06949440420638273,0.0261316521816104,0.04336275202477233,,0.0,-0.2653826576469799,-0.07671637746668096,1.945378756548122
201731,279,0.20143522155921145,0.16432422585393225,0.20171190062683803,0.03738767477290578,0.0002766790676265729,0.037110995705279204,,0.0,0.20609425472436077,0.20173987518147585,1.9514986109978307
201732,287,0.17800367379534707,0.09897865316910726,0.22132083165216573,0.12234217848305848,0.04331715785681867,0.07902502062623981,,0.0,0.22343890264758873,0.1782120827646401,2.0278111818654967
201733,301,0.07960681076910477,-0.102885445590046,0.0812628307902541,0.18414827638030012,0.0016560200211493403,0.18249225635915078,,0.0,0.10765656728551348,0.07999754577516324,2.0773757042209215
201734,306,0.0718707869846566,0.10099886141779635,0.03282001311854452,-0.06817884829925183,-0.039050773866112075,-0.02912807443313975,,0.0,0.03242094825038375,0.07091224092202136,2.0436933015667833
201735,314,0.04039968187886882,0.011161182119630925,-0.06170663873350686,-0.07286782085313778,-0.10210632061237568,0.029238499759237892,,0.0,-0.06405423784014252,0.03988214594846473,2.0138788824223934
201736,325,-0.10285921865117699,-0.17195371875819804,-0.08219325338427985,0.08976046537391819,0.020665965266897138,0.06909450010702105,,0.0,-0.08304406132044415,-0.1034472619525906,2.087855249140106
201737,325,-0.16048016338354157,-0.21470460580451087,-0.21702025207029033,-0.0023156462657794585,-0.05654008868674876,0.0542244424209693,,0.0,-0.22553302181704257,-0.16081064529309247,2.009333209518834
201738,318,0.05904772789460064,0.08142211816865763,-0.06253163580443727,-0.1439537539730949,-0.1215793636990379,-0.022374390274056993,,0.0,-0.06601827580711139,0.05869011075543871,1.9606234617583835
201739,320,0.11570897422127863,0.12978579471869497,0.0247915903095839,-0.10499420440911107,-0.09091738391169472,-0.014076820497416348,,0.0,0.025251172262897793,0.11525348923645101,2.0583603340932086
201740,339,0.005922636427967561,-0.14325997399226803,-0.03329048528046794,0.1099694887118001,-0.0392131217084355,0.1491826104202356,,0.0,-0.02038345832371149,0.006605737378065521,2.225914325634583
201741,342,0.17574050222430151,-0.09410360226147219,0.27106742525857064,0.3651710275200428,0.09532692303426912,0.2698441044857737,,0.0,0.2724574988232976,0.17729834871798342,2.626364320473116
201742,351,-0.022558987595965058,-0.053314533185115615,-0.01839525811288057,0.034919275072235044,0.004163729483084487,0.030755545589150557,,0.0,-0.017238367227592647,-0.022637944751447567,2.5537396507769654
201743,361,-0.02225636250261971,0.010993053318924221,-0.04507809481734549,-0.05607114813626971,-0.022821732314725778,-0.033249415821543934,,0.0,-0.044902095835522064,-0.02293090456375299,2.3676823837822245
201744,367,0.18262814106499395,0.013054488537615752,0.275699655137796,0.2626451666001802,0.09307151407280204,0.1695736525273782,,0.0,0.29819486025114306,0.18389308875479188,2.405390795423394
201745,382,0.005678520844753989,0.08960885878483774,-0.030823213623972653,-0.12043207240881039,-0.03650173446872664,-0.08393033794008374,,0.0,-0.030814663521352443,0.00556621229147974,2.0518337238216273
201746,400,0.16058648978878814,0.1766951487658737,0.0745741597254286,-0.1021209890404451,-0.08601233006335955,-0.01610865897708555,,0.0,0.07328194015125003,0.16070078670640867,2.1951073733709
201747,411,0.17294620390811022,0.13159614913532855,0.14490142897923908,0.013305279843910528,-0.02804477492887114,0.04135005477278167,,0.0,0.18899965755583514,0.17323655207810068,2.1132086414217937
201748,433,0.16493408201751042,0.07944634095108342,0.006952177694741404,-0.07249416325634202,-0.157981904322769,0.085487741066427,,0.0,0.02933922480878073,0.16452349349462037,2.0200456938335902
201749,456,0.26410042172799036,-0.015724984133563345,0.42464941746790985,0.4403744016014732,0.1605489957399195,0.2798254058615537,,0.0,0.08246162277904531,0.2647105116454739,2.229989701031953
201750,483,0.38503344324176897,0.412939943967017,0.3257941444308215,-0.0871457995361955,-0.05923929881094747,-0.02790650072524803,,0.0,0.3245704280254927,0.38511841925722323,2.1579922813798995
201751,502,-0.026505377307618715,0.14286888170685383,0.3609658435064497,0.2180969617995959,0.38747122081406843,-0.16937425901447253,,0.0,0.24140231055293543,-0.02738096552407399,2.2845044244798904
201752,516,0.07324172446084395,0.02301997474128713,0.6716514176110668,0.6486314428697797,0.5984096931502229,0.05022174971955683,,0.0,0.6611901910398207,0.07064009972867721,2.497513427418756
201801,564,0.34383807563361746,0.1866313785486549,0.49638538045898195,0.30975400191032704,0.1525473048253645,0.15720669708496254,,0.0,0.49830920035270404,0.3402486636287228,2.756883110271123
201802,623,-0.15151516011672886,-0.14750393615688512,-0.29389110329353113,-0.146387167136646,-0.14237594317680227,-0.0040112239598437405,,0.0,-0.2786895797782604,-0.15282788822403703,2.679104088908989
201803,626,-0.21456672166913598,-0.26536115521916137,-0.22679500121698115,0.03856615400218022,-0.012228279547845167,0.050794433550025386,,0.0,-0.2270783240398952,-0.21446558189358655,2.8149926366287663
201804,630,0.059173474716646225,-0.010912547245267043,0.08973702842341234,0.10064957566867938,0.030563553706766118,0.07008602196191327,,0.0,0.09110615755645039,0.059792992737235214,2.7942624387632438
201805,596,-0.339939502358833,-0.29501344109866573,-0.34379853249635456,-0.04878509139768883,-0.0038590301375215352,-0.044926061260167294,,0.0,-0.338715181237026,-0.3395876412744577,2.646799319172017
201806,609,0.003168373810311315,0.021438978043549117,-0.05280199973906243,-0.07424097778261154,-0.055970373549373745,-0.0182706042332378,,0.0,-0.0530955876701346,0.003689264229593921,2.621948858866978
201807,620,0.20989184237880065,0.14886391242545877,0.24944397575831373,0.10058006333285496,0.03955213337951308,0.061027929953341886,,0.0,0.18472768544395654,0.21029831803217414,2.5622956597648225
201808,519,-0.10960753828916568,-0.09127736690658406,-0.09839178630087565,-0.007114419394291596,0.01121575198829003,-0.018330171382581625,,0.0,-0.0966166287024462,-0.10903285342947994,2.4974612184171785
201809,535,0.09348249940390946,0.003372393134761981,-0.009839521084282554,-0.013211914219044534,-0.10332202048819202,0.09011010626914748,,0.0,-0.01004212876656598,0.09335305379416667,2.418738242525406
201810,541,-0.17606501964423638,-0.24727950101007065,-0.17283616045367403,0.07444334055639662,0.0032288591905623443,0.07121448136583428,,0.0,-0.17242078976668854,-0.17568678627486875,2.4604029415999724
201811,551,-0.19390908234018236,-0.23261300853668082,-0.1552297080353299,0.07738330050135092,0.038679374304852465,0.038703926196498456,,0.0,-0.15493336106381184,-0.19337396517390823,2.3272928129814514
201812,556,0.03973896111041557,0.15470459001414474,0.03573411478468967,-0.11897047522945507,-0.004004846325725897,-0.11496562890372918,,0.0,0.0365407444198432,0.03971347616000591,2.18949425725702
201813,568,-0.22886160393557303,-0.2457382424918591,-0.22758452541699808,0.01815371707486102,0.0012770785185749478,0.016876638556286072,,0.0,-0.2727370993155038,-0.22855725064466043,2.217747534935203
201814,581,0.0401598598828117,0.10114961839011273,0.07359325271213941,-0.027556365677973316,0.03343339282932772,-0.06098975850730103,,0.0,0.08729039916316318,0.04022717469446833,2.0676361698358607
201815,591,0.25777209930596284,0.3419218137053716,0.31054669448672906,-0.031375119218642555,0.052774595180766215,-0.08414971439940877,,0.0,0.30853241454607,0.2569832811616239,2.127430034570683
201816,610,0.15051904229386556,0.1091432546692772,0.19793159320765513,0.08878833853837793,0.04741255091378957,0.041375787624588364,,0.0,0.20321917763709207,0.1495570646201977,2.331026321371311
201817,631,0.12455492559706145,0.2316034883681301,0.15090380404755174,-0.08069968432057836,0.02634887845049029,-0.10704856277106865,,0.0,0.1490203559085738,0.12430109054820733,2.440463437837267
201818,635,0.03520939362489012,0.007434477215929334,-0.08243569256544772,-0.08987016978137706,-0.11764508619033784,0.027774916408960782,,0.0,-0.09306105396063148,0.036027925254973364,2.1567447959680877
201819,640,-0.11027787345615837,-0.11998967270021285,-0.0994807396402561,0.020508933059956755,0.010797133815902277,0.009711799244054478,,0.0,-0.10382415417753821,-0.1107497325958357,1.8938444263995589
201820,654,-0.042969194205096976,-0.026366554467596597,-0.07697360825542604,-0.05060705378782944,-0.034004414050329064,-0.01660263973750038,,0.0,-0.03202483726049181,-0.04317441241180882,1.7991360023209828
201821,657,-0.16599028007719302,-0.22454993805411147,-0.18581902829986405,0.03873090975424742,-0.019828748222671028,0.05855965797691845,,0.0,-0.1915245369993075,-0.1655949838084646,1.625491566651464
201822,669,0.07472717557979269,0.09476181555145198,0.0661910115275552,-0.02857080402389678,-0.008536164052237491,-0.020034639971659288,,0.0,0.06224118564296228,0.07499749509343318,1.5523365987939957
201823,674,-0.1566957717533442,-0.24014192786475347,-0.17820752584322203,0.06193440202153144,-0.02151175408987782,0.08344615611140926,,0.0,-0.17887131377124585,-0.15636063651705398,1.67156004918355
201824,674,-0.0636538560813886,-0.10961599616950334,-0.08339331652036833,0.02622267964913501,-0.019739460438979728,0.045962140088114736,,0.0,-0.08547866583242163,-0.06318643789477231,1.6211564865816668
201825,668,-0.09608085767160059,-0.21561708282832748,-0.08460149709063407,0.1310155857376934,0.011479360580966519,0.11953622515672689,,0.0,-0.10311532055299379,-0.09582735507533503,1.8636405198130939
201826,677,0.018557394193079304,0.04623534889466222,-0.003158942414149523,-0.04939429130881175,-0.021716336607228826,-0.027677954701582918,,0.0,-0.003241137719507089,0.018661940955836495,1.8017795885773344
201827,678,0.05865569078524002,0.059325888931917856,0.05930428440587247,-2.1604526045382322e-05,0.0006485936206324511,-0.0006701981466778334,,0.0,0.057203980582085666,0.05879598013211213,1.7774228954801852
201828,688,-0.07251654312658512,-0.12790244496685813,-0.06700480130430211,0.06089764366255601,0.005511741822283006,0.055385901840273005,,0.0,-0.06691488295054022,-0.07253879222701841,1.766751515244358
201829,697,0.09978858923714624,0.015385620331040246,0.13075944740754442,0.11537382707650418,0.03097085817039817,0.08440296890610599,,0.0,0.1295225045165128,0.10042394745858686,2.0714633055297957
201830,711,0.06055633517816197,0.03232982994891658,0.09527147428580238,0.06294164433688579,0.03471513910764041,0.028226505229245386,,0.0,0.09278792136589752,0.061459612390173564,2.065725915235428
201831,712,-0.13895551360555375,-0.22385502456197032,-0.1438545404222498,0.08000048413972052,-0.004899026816696045,0.08489951095641657,,0.0,-0.14360428344821927,-0.13831747922367338,2.103613357253913
201832,698,-0.1690685592003616,-0.23880648358501508,-0.2657536323194427,-0.026947148734427634,-0.09668507311908112,0.06973792438465348,,0.0,-0.26912975133651934,-0.1687315214929064,1.9681892841801532
201833,691,0.012826557506379543,0.003033951593673106,-0.02019389219917566,-0.023227843792848767,-0.033020449705555205,0.009792605912706438,,0.0,0.025779446189893043,0.013261535387911983,1.7913506145603373
201834,703,-0.008206751450960571,-0.015684052817747127,0.021530437263781663,0.03721449008152879,0.029737188714742235,0.007477301366786556,,0.0,0.021208060652998035,-0.007967106683976509,1.897976483195233
201835,714,0.10021009072525174,0.049933741488191775,0.08881473376999521,0.03888099228180344,-0.011395356955256522,0.05027634923705996,,0.0,0.08894606008089331,0.10063112665308035,2.012966382528082
201836,694,-0.18035948083037903,-0.23682623858964694,-0.14936180986532943,0.0874644287243175,0.0309976709650496,0.056466757759267905,,0.0,-0.14865908085101645,-0.1799400747646791,2.011018043851862
201837,708,0.039030154898198485,0.11849586150613883,0.04706212514518935,-0.07143373636094949,0.008031970246990865,-0.07946570660794035,,0.0,0.05040896198251847,0.03892841827029872,1.937347348669152
201838,721,0.11156883335838581,0.10948323048436004,0.04544132975915015,-0.06404190072520989,-0.06612750359923567,0.0020856028740257743,,0.0,0.04657234911922011,0.11281274326937384,2.0323121041465466
201839,738,-0.014360895643968261,-0.021190728038168648,-0.017586892758497154,0.003603835279671494,-0.003225997114528893,0.006829832394200387,,0.0,-0.01755601539706415,-0.014203231542080037,2.153850894889887
201840,745,-0.02411694182768993,-0.03015787118738454,-0.07554057271565784,-0.0453827015282733,-0.051423630887967905,0.006040929359694611,,0.0,-0.008871540822593182,-0.024425298099036874,2.003969888048912
201841,747,-0.08360361900838634,-0.15289920882525213,-0.07274014551893437,0.08015906330631775,0.010863473489451964,0.06929558981686579,,0.0,-0.0627614437683833,-0.08352307191424115,1.8242235462612708
201842,754,0.046283694472487806,0.08991832685520249,0.06632218010608155,-0.02359614674912093,0.02003848563359375,-0.04363463238271468,,0.0,0.057180430887952736,0.0461934599971345,1.7630374841681018
201843,771,-0.00011889173788528042,-0.013671005644007366,0.03224217129713572,0.04591317694114309,0.032361063035021,0.013552113906122086,,0.0,0.027411682913040487,-0.0006298200414782267,1.8719687516340344
201844,787,0.0019513311210983518,-0.014584641934245461,-0.023382668979880204,-0.008798027045634742,-0.025334000100978554,0.016535973055343812,,0.0,-0.024536334482505164,0.0022491152769236983,1.6442474882932356
201845,790,0.009132272952807028,-0.04793414412503403,0.02642556493987954,0.07435970906491357,0.017293291987072513,0.05706641707784106,,0.0,0.026121604144835386,0.009351225781296562,1.865304564960492
201846,769,-0.12886294643356444,-0.20362580750554787,-0.149394007485981,0.05423180001956687,-0.02053106105241656,0.07476286107198343,,0.0,-0.09818921856319679,-0.12880603159253368,2.048292444992472
201847,700,-0.3058678337472964,-0.47103863652367794,-0.26460223984981734,0.2064363966738606,0.04126559389747908,0.16517080277638152,,0.0,-0.26573425347586094,-0.30576866084697374,2.2169478547001225
201848,688,0.022042558097067167,-0.012055543323629467,0.0346447774364374,0.04670032076006687,0.012602219339370235,0.034098101420696636,,0.0,0.02439078559644983,0.02123009844762998,2.3566857203843323
201849,666,-0.15032096249576732,-0.29746869865533276,-0.06756720908971989,0.22990148956561288,0.08275375340604743,0.14714773615956545,,0.0,-0.10778741995623649,-0.1505877159957458,2.2999728388815526
201850,644,-0.10205039045242523,-0.12047010948155994,-0.053388954996436686,0.06708115448512325,0.04866143545598854,0.01841971902913471,,0.0,-0.08897392020316647,-0.1023499916147052,2.4973066672485045
201851,658,0.30127762667891445,0.6101964669880848,0.201054945538986,-0.4091415214490988,-0.10022268113992844,-0.3089188403091704,,0.0,0.21483679582570558,0.30159177562011,1.623950891350853
201852,683,-0.06508026981115517,-0.08238167953177587,-0.05216934555975088,0.03021233397202499,0.012910924251404284,0.017301409720620706,,0.0,-0.05186330828670324,-0.06469404739668184,1.2966745509887694
201901,680,0.07911245551923554,0.05588691302345508,0.11604342663313409,0.06015651360967901,0.03693097111389855,0.02322554249578046,,0.0,0.11598293586117132,0.07893034898366658,1.0464475003470608
201902,677,-0.09018647139879012,-0.08690217157132744,-0.07869364696869692,0.008208524602630524,0.011492824430093196,-0.0032842998274626722,,0.0,-0.07793137723600338,-0.08981817700316894,1.308814395020896
201903,671,-0.03868741354481129,-0.04514840959705251,0.01819533529501769,0.0633437448920702,0.05688274883982898,0.006460996052241222,,0.0,0.013735383868218529,-0.038832579324226416,1.3433501951002647
201904,661,-0.050078062098405915,-0.08509505617486483,-0.07978478969899262,0.005310266475872211,-0.029706727600586708,0.03501699407645892,,0.0,-0.08385968396967254,-0.04981131300306946,1.2104790015584308
201905,645,0.0009994065089202358,-0.010037266527256287,0.009698464791657181,0.019735731318913468,0.008699058282736946,0.011036673036176522,,0.0,0.0013809575516765809,0.0012362381266148204,1.3201816570087272
201906,641,0.0614664020603206,0.027123791096346776,0.13375617670527665,0.10663238560892987,0.07228977464495605,0.03434261096397383,,0.0,0.13565102569239718,0.06164661607661261,1.5956745584898373
201907,668,0.09193928328224973,0.055353397822389065,0.09925879360433151,0.04390539578194245,0.007319510322081779,0.03658588545986067,,0.0,0.0985950609486558,0.09191830795656906,1.5204034384847958
201908,678,-0.008429091246123148,-0.02755442975180925,-0.014426823745555801,0.013127606006253447,-0.005997732499432654,0.019125338505686103,,0.0,-0.014645299577727821,-0.008340942591876083,1.5525274171084944
201909,672,-0.0419403708042555,-0.04603497149702632,-0.02891244793081015,0.01712252356621617,0.013027922873445352,0.004094600692770817,,0.0,-0.03079353483694798,-0.04231665005969557,1.6009427887873273
201910,696,0.05380768278125126,0.0693046113720432,0.20509533220828613,0.13579072083624294,0.15128764942703488,-0.015496928590791943,,0.0,0.2296038357159565,0.05393615313454603,1.6742346111635935
201911,717,0.04390537745064651,0.0611992923988903,0.06854918756610623,0.007349895167215931,0.02464381011545972,-0.01729391494824379,,0.0,0.076665588203364,0.043870116390580687,1.573982730630261
201912,734,-0.013798479945189396,-0.025799737418781398,0.021776507902517245,0.047576245321298644,0.03557498784770664,0.012001257473592002,,0.0,0.020072894775831223,-0.014036205360115753,1.8688585452279007
201913,734,0.05981196638381646,0.029773204053551626,0.08871836818886948,0.058945164135317855,0.028906401805053022,0.030038762330264833,,0.0,0.08943436206808322,0.05972199683163726,1.9292627528302673
201914,763,0.2493135292606541,0.05441086704674044,0.14844065892565847,0.09402979187891802,-0.10087287033499562,0.19490266221391364,,0.0,0.1506309342802302,0.2502321622141111,2.1125550421338843
201915,772,-0.06396870063451887,0.0021790101473851617,-0.05786455463661463,-0.06004356478399979,0.006104145997904244,-0.06614771078190404,,0.0,-0.054730588641587294,-0.06369311150098518,2.0579592385858905
201916,767,0.04440902920744882,-0.004176748576674138,0.06016353924955795,0.06434028782623209,0.015754510042109135,0.04858577778412296,,0.0,0.05769644068867125,0.04455213117163038,2.0264686307675133
201917,770,-0.06865857198789133,-0.09950319944900474,-0.045028014266172534,0.0544751851828322,0.023630557721718792,0.03084462746111341,,0.0,-0.044764626656073725,-0.06834015188030619,2.264668526548195
201918,758,0.08187657255847124,0.10395568175830944,0.08742287152864701,-0.016532810229662423,0.005546298970175778,-0.0220791091998382,,0.0,0.08597605459708754,0.08215260926329201,2.4156721856601564
201919,755,0.24856189334880752,0.007946936561335287,0.3173306486726813,0.309383712111346,0.06876875532387378,0.24061495678747222,,0.0,0.31605894866502054,0.2506154112520775,2.62679455783362
201920,755,0.08096594713950063,0.12190869041824806,0.07171885207614306,-0.050189838342105,-0.009247095063357566,-0.04094274327874743,,0.0,0.07440110678242477,0.081067736627376,2.6276001648650054
201921,765,0.10735151454222441,0.09609753583445549,0.10207244756779815,0.005974911733342664,-0.005279066974426261,0.011253978707768925,,0.0,0.10211337684288942,0.1077299813376607,2.57788105783398
201922,764,-0.05460254475507814,-0.043324039271332646,-0.062257064920205454,-0.01893302564887281,-0.007654520165127313,-0.011278505483745496,,0.0,-0.060597831768932686,-0.05444305980066045,2.5949610414766786
201923,766,-0.020260559803482632,0.00667055203496686,-0.019801945329801132,-0.02647249736476799,0.0004586144736814998,-0.02693111183844949,,0.0,-0.019467981765382197,-0.020527540396290674,2.4593052187181996
201924,779,0.1302918729691819,0.02747747893705406,0.05616616240514247,0.028688683468088408,-0.07412571056403944,0.10281439403212785,,0.0,0.051779274259734956,0.13095205389885625,2.4629411031941517
201925,773,0.13212723734863216,0.03932253051254228,0.14903885390301505,0.10971632339047277,0.01691161655438289,0.09280470683608988,,0.0,0.14936995310389573,0.13299751420765443,2.4418947767076125
201926,762,-0.06070812887149879,-0.05019374262037041,-0.057345894162137,-0.007152151541766592,0.00336223470936179,-0.010514386251128383,,0.0,-0.05734053527688349,-0.060539346538050966,2.51725225761659
201927,754,0.10835256009023607,0.0641147982207603,0.055204529981639286,-0.008910268239121014,-0.05314803010859678,0.04423776186947577,,0.0,0.054803099326071004,0.10858347961529782,2.502453172782326
201928,742,-0.15351401756297495,-0.19102860167371735,-0.13123997888556113,0.05978862278815622,0.022274038677413815,0.037514584110742405,,0.0,-0.13144792761841131,-0.15342592157515994,2.500999372416795
201929,741,-0.03602827227799172,0.014856403780950374,-0.04942400275091598,-0.06428040653186635,-0.013395730472924257,-0.05088467605894209,,0.0,-0.049491097113440144,-0.03631486812336306,2.23380269174451
201930,745,-0.06694580461642145,-0.04151061688549094,-0.08526087282790151,-0.043750255942410575,-0.01831506821148006,-0.025435187730930515,,0.0,-0.08743663973810083,-0.06725483050434003,2.0694067032975894
201931,740,0.176134741676872,0.032650370237857544,0.0457691473403304,0.013118777102472855,-0.1303655943365416,0.14348437143901444,,0.0,0.044947100693481,0.17719402266904713,1.9780257061852502
201932,742,-0.04850303142781148,-0.11101615582788232,-0.04239344764525089,0.06862270818263144,0.0061095837825605945,0.06251312440007084,,0.0,-0.04259467616095474,-0.048153363485200086,2.1197469948729206
201933,742,-0.041988476384445514,-0.030714486982660615,-0.040148397141271434,-0.00943391015861082,0.0018400792431740795,-0.011273989401784899,,0.0,-0.04011264502258328,-0.0422408566177422,2.142677436304047
201934,755,-0.04981487871156008,-0.03441925774661599,-0.05138276347884024,-0.01696350573222425,-0.0015678847672801616,-0.015395620964944089,,0.0,-0.05150052477471508,-0.05003311067903713,2.0594199476865884
201935,744,-0.021189207036694517,-0.09178594465295276,-0.06412080561496761,0.027665139037985148,-0.04293159857827309,0.07059673761625823,,0.0,-0.073103727246843,-0.02118357011837993,2.0434039227510943
201936,740,0.0023138887136566594,0.004510196461810348,-0.0015875430275105594,-0.006097739489320907,-0.003901431741167219,-0.0021963077481536885,,0.0,-0.0016018307645443506,0.0023699111807913846,1.9128786275708871
201937,736,0.0014792503160763935,0.011353572372280085,-0.0034519419408380217,-0.014805514313118107,-0.004931192256914415,-0.00987432205620369,,0.0,-0.003516135818254772,0.0015024355073129613,2.0126637892134442
201938,725,-0.04017662520656331,-0.02161402804571259,-0.019079496799231602,0.002534531246480988,0.021097128407331706,-0.01856259716085072,,0.0,-0.015475766064144044,-0.040349048512547336,2.128824771919526
201939,694,-0.137158061865586,-0.18868749098897208,-0.1066289927726442,0.08205849821632788,0.030529069092941785,0.051529429123386095,,0.0,-0.10415098170753012,-0.137481719780944,2.2395983677258373
201940,690,0.005818075680824206,0.013268626720820373,0.01980524407816042,0.006536617357340046,0.013987168397336214,-0.007450551039996167,,0.0,0.03940911442062192,0.0057183264978151955,2.3297916718824223
201941,675,0.020753723623985768,-0.002019019652437869,0.06428557125063177,0.06630459090306963,0.043531847626646,0.022772743276423636,,0.0,0.06645071153323252,0.020990358907824663,2.312293514260395
201942,669,-0.018874489696436157,-0.01048230457576116,-0.038616766801318904,-0.028134462225557745,-0.019742277104882747,-0.008392185120674996,,0.0,-0.039180065043422994,-0.018953748985195955,2.3042046189773013
201943,660,0.10157182387989415,0.04753072646601573,0.0542891714324655,0.00675844496644977,-0.04728265244742865,0.05404109741387842,,0.0,0.05262264242187133,0.10178266349338466,2.2452338020823355
201944,650,0.021843016355267624,-0.004817349982107061,0.02012252712794932,0.02493987711005638,-0.0017204892273183052,0.026660366337374685,,0.0,0.019492890691827,0.02184746941122276,2.299247853556692
201945,653,-0.0518754774108618,-0.03374088900294565,0.003066083342839724,0.03680697234578537,0.054941560753701525,-0.018134588407916152,,0.0,0.001707331468029044,-0.05199391500626732,2.248244693298868
201946,649,-0.05028693104105566,-0.061273287581208744,-0.06579764048038231,-0.004524352899173564,-0.015510709439326649,0.010986356540153085,,0.0,-0.053769512133274806,-0.05047030903157327,2.1593285691540474
201947,621,-0.14631864842093964,-0.14120897518467831,-0.09295067263823556,0.048258302546442755,0.05336797578270408,-0.005109673236261325,,0.008064516129032258,-0.0880975539450325,-0.14700467347361165,1.9969785476084128
201948,630,0.023039004720397913,0.0560191271302951,0.019180905649782812,-0.03683822148051229,-0.003858099070615101,-0.032980122409897186,,0.0,0.010729832308361227,0.022255657559657298,1.8599841328539273
201949,630,0.007788421080037152,0.004300492628695224,0.050738851140576594,0.04643835851188137,0.04295043006053944,0.0034879284513419278,,0.0,0.032299989634289136,0.007385241824059945,1.665668084252403
201950,632,-0.06589328661803154,-0.08674854355259064,-0.055925027154288744,0.030823516398301894,0.009968259463742794,0.0208552569345591,,0.0,-0.05310295084512227,-0.06576337401871603,1.611123104891722
201951,641,0.03336011533797314,-0.013322182450016939,0.01202756421735389,0.025349746667370828,-0.02133255112061925,0.046682297787990074,,0.0,0.013071958244683643,0.03388165139980084,3.3269052203186487
201952,637,-0.01594024400585777,-0.025587145279332042,-0.023065623222748396,0.0025215220565836458,-0.007125379216890628,0.009646901273474274,,0.0,-0.023129658352901313,-0.015991408534900598,3.2565134302045675
202001,638,0.12281425963763132,0.06348732839429827,0.13621015536833633,0.07272282697403806,0.013395895730705015,0.05932693124333305,,0.0,0.1350143405426198,0.12370229107836667,3.2768462985306095
202002,654,0.10049951629001427,0.00642206190471749,0.1065026948936804,0.10008063298896291,0.006003178603666129,0.09407745438529679,,0.0,0.10619332623016074,0.10123344737094124,3.4455221166177212
202003,661,0.0022694057004783216,-0.007298091651891572,0.0009527307768649307,0.008250822428756502,-0.001316674923613391,0.009567497352369893,,0.0,0.0008236073029246397,0.0022066827898175163,3.326005858181419
202004,666,0.06101609941988008,0.031141413840365426,0.051975140014776405,0.02083372617441098,-0.009040959405103674,0.029874685579514653,,0.0,0.05176400640336664,0.06125031944362834,3.366096195605706
202005,667,0.007850511578234371,-0.050817198368525954,-0.002508680354111168,0.048308518014414784,-0.01035919193234554,0.05866770994676032,,0.0,-0.0024502858540134333,0.007712589149118027,3.4291428962205166
202006,692,0.13750277673120864,0.14540970841018297,0.17526896355903274,0.029859255148849767,0.037766186827824094,-0.007906931678974327,,0.007246376811594203,0.18288977676657825,0.13821364780071563,3.308124607319669
202007,703,0.0072199551918437225,-0.0001492873102411529,0.047403745850345375,0.047553033160586525,0.04018379065850165,0.007369242502084875,,0.0,0.10360738780647649,0.006874533566404038,3.315433930158581
202008,704,-0.0962791505909173,-0.016697322883188686,-0.13434253774995586,-0.11764521486676717,-0.038063387159038564,-0.0795818277077286,,0.0070921985815602835,-0.13387034648858148,-0.09622564778082296,2.8482195695823647
202009,685,-0.06199400260102347,-0.04803826914907813,-0.0936657074155344,-0.045627438266456266,-0.03167170481451093,-0.013955733451945333,,0.014598540145985401,-0.09766460158664535,-0.06223860801755114,2.676175307901049
202010,665,-0.10502103749917688,-0.11068052067678678,-0.07476028420488978,0.035920236471897,0.030260753294287096,0.005659483177609906,,0.03007518796992481,-0.07447875074686945,-0.10478013256724486,2.537034516650622
202011,607,-0.34431530021337975,-0.3744275144343369,-0.17746183425447562,0.1969656801798613,0.16685346595890413,0.030112214220957167,0.18384418981324738,0.09090909090909091,-0.17235227525977387,-0.34491907526918447,2.7586507167906453
202012,609,0.255354912162898,0.29620479271091377,0.11973571457269035,-0.17646907813822343,-0.13561919759020769,-0.04084988054801575,,0.03278688524590164,0.11500687106520824,0.25643600876431816,2.1054091284020293
202013,625,-0.033561972292489334,-0.04050947569129366,-0.040733761160593886,-0.0002242854693002283,-0.007171788868104552,0.006947503398804324,,0.0,-0.04083148961967057,-0.03334385361073207,1.9944136594552377
202014,633,0.12229209396045275,0.12732406936585405,0.09593512715862794,-0.031388942207226114,-0.02635696680182481,-0.005031975405401304,,0.007874015748031496,0.10214913253363679,0.12284076171239253,1.760855629619652
202015,650,-0.04191430543279039,-0.05685465254135236,-0.04459453198234066,0.012260120559011697,-0.0026802265495502672,0.014940347108561965,,0.0,-0.044925241919067216,-0.042030997055822535,1.925781467485848
202016,653,0.016003336318191678,0.0037321637515896166,0.04496442133716244,0.04123225758557283,0.028961085018970763,0.01227117256660206,,0.0,0.051053639501347996,0.01588165570583027,1.8859144995476098
202017,665,0.13247607059086688,0.13497784461880222,0.15935878452066596,0.02438093990186374,0.026882713929799074,-0.002501774027935333,,0.0,0.15875369868471778,0.13194630014993458,1.8307500857444634
202018,678,0.10945308500046429,0.05344477479296366,0.05177168089755404,-0.001673093895409622,-0.05768140410291025,0.056008310207500626,,0.0,0.05849247097210187,0.10986571079875394,1.8634706569891533
202019,676,-0.03520822599023753,-0.008947917939544312,-0.02440029596560683,-0.015452378026062518,0.010807930024630697,-0.026260308050693217,,0.007407407407407408,-0.024546142843263067,-0.03532411677867098,1.5058094870360879
202020,689,0.09222817243237086,0.06914438015317911,0.009841238726979541,-0.05930314142619957,-0.08238693370539132,0.023083792279191745,,0.014492753623188406,0.004029355641029504,0.09229646092249771,1.4775703098941724
202021,707,-0.07040055026259529,0.003909798648851597,0.09368660829685337,0.08977680964800176,0.16408715855944866,-0.07431034891144689,,0.0,0.07137642560752114,-0.07141627257979002,1.6543992327674504
202022,715,0.08319265393977919,0.07674892676748836,0.034033340747724496,-0.042715586019763864,-0.049159313192054695,0.006443727172290831,-0.04448224662374944,0.04195804195804196,0.041390769827217976,0.08440377759565293,1.5867314739677454
202023,730,0.02786602413659586,-0.059275513362089534,0.05255895375500079,0.11183446711709033,0.02469292961840493,0.08714153749868539,,0.0,0.052204739409293884,0.02849051090378423,1.8768641843763785
202024,746,-0.03232647797118236,-0.04803540310414935,-0.012165401820152006,0.035870001283997345,0.020161076151030355,0.01570892513296699,,0.013422818791946308,-0.0041030142151333255,-0.03246576349286885,1.8925029994813998
202025,750,0.01619550918970653,0.01076394673228231,0.06706559472397208,0.056301647991689775,0.05087008553426556,0.005431562457424219,0.06163835664670085,0.04,0.05924741584793952,0.01620153026327364,1.8041471347072517
202026,723,-0.054754881385092574,-0.036523806118803945,-0.04259739531978203,-0.006073589200978086,0.012157486065310544,-0.01823107526628863,,0.020689655172413793,-0.05514742344502463,-0.05628044882130862,1.8069864438159964
202027,721,0.03487724494779443,0.07239188521554825,0.15098560385824084,0.07859371864269259,0.11610835891044641,-0.03751464026775382,0.09514117059007864,0.04861111111111111,0.05477956771603724,0.03465911993870697,1.9975830139965813
202028,722,0.013721714227644123,-0.01341414631609314,0.09068266934414053,0.10409681566023367,0.07696095511649641,0.02713586054373726,,0.0,0.09383716836476912,0.014097818904973431,2.0687614840393818
202029,732,0.013666509872043977,0.012507736737995804,-0.007038744961620066,-0.01954648169961587,-0.020705254833664043,0.0011587731340481737,,0.00684931506849315,-0.009868381160830143,0.013339041850224847,2.206741376212513
202030,747,0.15877482020216732,0.023861281379950305,-0.01786888113798248,-0.04173016251793278,-0.1766437013401498,0.13491353882221702,0.03725151104454828,0.03355704697986577,0.007606406451061329,0.16077684272232276,2.2131165634937093
202031,767,0.06400122485304427,0.0434466549921596,0.061523692945381285,0.018077037953221686,-0.0024775319076629845,0.02055456986088467,-0.01598941957542887,0.032679738562091505,0.06099947781856282,0.06425838126924699,2.225077018210683
202032,787,0.01562473349446898,0.1350031785693949,-0.0032351991535680674,-0.13823837772296296,-0.018859932648037047,-0.11937844507492591,,0.025477707006369428,-0.0046933785549919844,0.01469535531701526,1.6356218318258589
202033,821,0.0706152466449465,0.014518363737758605,0.12823652550220782,0.11371816176444921,0.057621278857261315,0.0560968829071879,,0.012195121951219513,0.13011926066546256,0.07098386331180191,1.8692582904873016
202034,823,-0.05573202957566089,-0.08970250744247535,-0.026216682310360798,0.06348582513211455,0.02951534726530009,0.03397047786681446,,0.024242424242424242,-0.027092339713917953,-0.05935371087345731,2.0411769877492563
202035,831,0.08816412262451728,0.060627617924344415,0.0776363954865991,0.01700877756225469,-0.010527727137918177,0.027536504700172867,0.016601069640503535,0.060240963855421686,0.10676855654738918,0.08926597207361266,2.0182833909092768
202036,815,-0.19008870421562943,-0.22134959125401213,-0.27226341915161345,-0.05091382789760132,-0.08217471493598402,0.0312608870383827,,0.018404907975460124,-0.27334583800710616,-0.1915509059470162,1.900925547591347
202037,828,0.056881881406004725,0.07970483528174253,-0.004039282870893448,-0.08374411815263598,-0.06092116427689817,-0.02282295387573781,-0.08158973833121771,0.05421686746987952,0.002612689048404843,0.05768315925393147,1.7143735314942206
202038,824,-0.042127883326101415,-0.12930078038349407,-0.031882760998605535,0.09741801938488853,0.01024512232749588,0.08717289705739266,0.14071928441757892,0.048484848484848485,-0.031737588793450344,-0.04311092876343131,1.8886115860876935
202039,829,0.039690886777960656,0.14126886772402458,0.047799143864290454,-0.09346972385973412,0.008108257086329798,-0.10157798094606393,-0.11276143743908904,0.06626506024096386,0.029739568120223134,0.04016167058405494,1.4958279190533401
202040,853,-0.03897567705164359,-0.17858130436582098,-0.0570632009174956,0.12151810344832538,-0.01808752386585201,0.1396056273141774,,0.017543859649122806,-0.055730629037527304,-0.038873128518501304,1.6920774105131806
202041,871,0.08775933288583804,0.12170607144344929,0.07880759378107863,-0.04289847766237066,-0.00895173910475941,-0.03394673855761125,-0.014697452931159039,0.08620689655172414,0.0802463577251749,0.0880948984949931,1.4699857823213276
202042,873,0.004144640925566669,-0.14256649289141154,0.016344446652159547,0.1589109395435711,0.012199805726592877,0.1467111338169782,,0.022857142857142857,0.01593270892318834,0.0038193648462778403,1.7792932283998768
202043,880,0.1209522223973177,-0.015442950663391665,0.14718781377554344,0.1626307644389351,0.02623559137822573,0.13639517306070936,0.11796581213332866,0.09659090909090909,0.13646878301361376,0.12091954995698553,2.0043941242485155
202044,881,-0.010400475209611487,-0.1267296352913856,0.0053774684052004685,0.13210710369658607,0.015777943614811954,0.1163291600817741,0.18954774185268092,0.07386363636363637,0.0027789469285733905,-0.010956798373863904,2.1581839682295048
202045,889,0.10141722398995726,0.23772028466641065,0.0890445494204162,-0.14867573524599445,-0.012372674569541053,-0.1363030606764534,-0.44263150000921236,0.11797752808988764,0.10027163369558768,0.10154839861175234,1.7370372721905447
202046,806,0.12481904075727997,0.012001907117167988,0.1356498128459267,0.12364790572875871,0.010830772088646731,0.11281713364011198,,0.0,0.1363729007640692,0.12572490816367032,1.930743283847394
202047,819,0.15416478863598396,0.07163177594244043,0.15161076421622144,0.07997898827378101,-0.0025540244197625184,0.08253301269354353,,0.006097560975609756,0.1522059276033816,0.1561824293901701,1.9772807136825972
202048,371,-0.033409815625081864,0.09706682344705812,-0.06876362529122755,-0.16583044873828567,-0.03535380966614569,-0.13047663907214,,0.0,-0.06624230624160916,-0.03341522523952449,1.6793324717399296
202049,367,-0.03722714894207399,0.06288850245488303,-0.03605491723230728,-0.09894341968719031,0.0011722317097667065,-0.10011565139695702,,0.0410958904109589,-0.03604977263250541,-0.03726444612356484,1.4167392190551311
202050,931,0.04838126998658413,0.062290945157491416,0.07661857945744968,0.014327634299958265,0.02823730947086555,-0.013909675170907285,0.014683071057608556,0.05913978494623656,0.07956419002162671,0.04891738308313732,1.3905758338678418
202051,951,0.16398447359590426,-0.0631964031844242,0.2213856956881556,0.2845820988725798,0.05740122209225135,0.22718087678032844,0.27246025194141005,0.02631578947368421,0.21771713827855865,0.16489631271989025,1.6598535447712919
202052,954,0.1644880246783321,-0.3982857776110152,0.20497065054035812,0.6032564281513733,0.04048262586202603,0.5627738022893473,0.6639100869319001,0.07329842931937172,0.20541467236884378,0.16586498391202092,1.9331255629288524
202101,970,0.37817893104394595,0.5172090563952522,0.386852352228538,-0.1303567041667142,0.008673421184592023,-0.1390301253513062,-0.26783390492347114,0.030927835051546393,0.38572057063071385,0.3800620756615975,1.6795163430569355
202102,984,0.0041117090090472316,0.10452329156812434,-0.0038475048085025365,-0.10837079637662687,-0.007959213817549767,-0.10041158255907712,,0.02030456852791878,-0.002278755157066578,0.0038811413236064644,1.437829152573712
202103,993,-0.1701088648529689,-0.05932723569968426,-0.19984768220394308,-0.14052044650425882,-0.029738817350974195,-0.11078162915328463,,0.010050251256281407,-0.2002670625410177,-0.17100381642242587,1.2546125731053532
202104,982,0.10751958215157123,0.05003939206041759,0.09212689539426473,0.04208750333384714,-0.015392686757306498,0.05748019009115364,,0.01020408163265306,0.10645645787528378,0.10737915907693564,1.2772236864505255
202105,1016,0.1407436897912477,0.267514110373503,0.34253037443681633,0.07501626406331335,0.20178668464556862,-0.12677042058225527,-0.03699322833454649,0.024630541871921183,0.36542804339597573,0.14120920967649098,1.304398773631475
202106,1065,0.2923907801447923,0.2619441290046163,0.2569442687636721,-0.004999860240944176,-0.035446511381120205,0.03044665114017603,,0.009389671361502348,0.668903404528488,0.29285154882326003,1.26635126261263
202107,1121,0.09663143564780358,0.030721834775279525,0.20451188094780498,0.17379004617252547,0.1078804453000014,0.06590960087252405,,0.0,0.201260826056946,0.09668287143190468,1.3843171580688498
202108,1149,-0.1073858492928687,-0.1612889009540586,-0.14632197267417374,0.014966928279884856,-0.038936123381305046,0.0539030516611899,0.028017587499852503,0.034782608695652174,0.10841948868960442,-0.10730468192466015,1.5434818027864652
202109,1163,0.04520485413925652,0.04104740656464871,0.033018747131533646,-0.008028659433115065,-0.012186107007722873,0.004157447574607807,-0.03329744404126565,0.06437768240343347,0.03418169380678674,0.045353335460102236,1.5877342152241192
202110,1156,0.1708931241634766,0.116368507856606,0.16342090183059865,0.04705239397399265,-0.007472222332877948,0.054524616306870596,,0.017316017316017316,0.219300513021209,0.17064209849414813,1.5994493985374238
202111,1205,0.008060358586777902,0.03570021266949214,0.005447260588081257,-0.03025295208141088,-0.0026130979986966453,-0.027639854082714237,-0.0032591815514255223,0.029045643153526972,0.00795226429953471,0.007239454595781189,1.37599808523721
202112,1218,-0.09444562586539261,-0.11234591974032872,0.09870413771399429,0.211050057454323,0.1931497635793869,0.017900293874936107,0.23583651223709057,0.040983606557377046,0.12896335045666096,-0.0953931559815776,1.808940916200558
202113,1236,0.18005126671586902,0.21011298568005574,0.26916158093019765,0.059048595250141916,0.08911031421432863,-0.030061718964186718,0.06913589893418531,0.12550607287449392,0.2720881463445476,0.1800487802588533,1.8744800490795441
202114,1287,0.03788138249957218,0.050286010164777656,0.1591541257600445,0.10886811559526685,0.12127274326047233,-0.012404627665205475,0.12797798619195835,0.038910505836575876,0.15074807606486249,0.0377487886513362,2.0270751500327124
202115,1301,0.14337731790090918,0.11289144424521905,0.29352653847285204,0.180635094227633,0.15014922057194285,0.030485873655690138,0.1368291303443177,0.03461538461538462,0.30989691822882154,0.14387018473094915,2.1853426788370256
202116,1304,-0.15881324330693866,-0.22399804567419976,-0.11059742381019962,0.11340062186400014,0.048215819496739046,0.0651848023672611,,0.01532567049808429,-0.10692839733877461,-0.15889515881189883,2.256269085946723
202117,1328,0.082634283995286,0.17874975759608455,0.140330697969122,-0.03841905962696254,0.057696413973836014,-0.09611547360079856,-0.06200593072825547,0.07894736842105263,0.1371807593391606,0.08259596086750376,2.180743917076732
202118,1359,0.1410687618130718,0.05628254566592095,0.23193567612037558,0.17565313045445463,0.09086691430730379,0.08478621614715084,,0.011029411764705883,0.23402483168259133,0.14188712200431872,2.349122629960235
202119,1375,-0.07502548326293405,-0.12547979311547125,-0.025075893877173416,0.10040389923829783,0.049949589385760634,0.050454309852537196,,0.007272727272727273,-0.02477432778892365,-0.07504883276300166,2.4731357730657626
202120,1352,-0.20956442078576784,-0.259851230466339,-0.22653148265591858,0.033319747810420436,-0.016967061870150735,0.05028680968057117,0.03311992069769751,0.018518518518518517,-0.22659026930301332,-0.20975314247404944,2.5883743762504436
202121,1355,-0.06438137121491767,-0.07879177629567861,-0.10555051285975305,-0.02675873656407443,-0.04116914164483537,0.01441040508076094,,0.01107011070110701,-0.06568238293906373,-0.06456515016258393,2.458531979503704
202122,1362,0.044382453432432085,0.17701083005980076,0.03847761541980322,-0.13853321463999754,-0.005904838012628866,-0.13262837662736868,,0.003676470588235294,0.039536808491684616,0.04473065287089233,2.3211177350273258
202123,1361,-0.1147807120006318,-0.3304482003379126,-0.14585184369387794,0.18459635664403468,-0.031071131693246143,0.21566748833728083,,0.0,-0.14548189815798443,-0.11501789249168899,2.377364826231718
202124,1355,0.004486367343146437,-0.037855255225473394,0.03673733688821773,0.07459259211369113,0.03225096954507129,0.042341622568619834,0.04517309944209204,0.033210332103321034,0.03492710167759186,0.005147846625533198,2.41675960985202
202125,1314,-0.13306506666091492,-0.3069745781916248,-0.1007761419274561,0.20619843626416873,0.03228892473345882,0.1739095115307099,,0.0038022813688212928,-0.10107247318029819,-0.13305645541803568,2.5376537119532183
202126,1308,-0.00697688460403237,0.18081803739488367,-0.032339124088212934,-0.2131571614830966,-0.025362239484180565,-0.18779492199891604,-0.06643074190845945,0.026717557251908396,-0.033532226186812744,-0.007628413683114794,2.2468202601204523
202127,1306,-0.01037867298137434,0.008044804936243261,0.00029714988769956297,-0.007747655048543698,0.010675822869073903,-0.0184234779176176,-0.05088359921030818,0.022988505747126436,0.0018010996620165564,-0.01015104826813199,2.1592946892769076
202128,1315,-0.045336045665836815,-0.10609707511555529,-0.03441685216590338,0.0716802229496519,0.010919193499933436,0.06076102944971847,,0.011406844106463879,-0.03366414053238015,-0.045063715549826515,2.1302200687521085
202129,1305,0.006405679987134957,-0.004163125839318126,-0.09661557932179363,-0.0924524534824755,-0.10302125930892858,0.010568805826453084,-0.10293834612200414,0.04597701149425287,-0.11009511623142518,0.006409243270025724,2.0428229791467674
202130,1305,0.19246741156258332,0.20455309662109808,0.20962909922407594,0.005076002602977858,0.01716168766149262,-0.012085685058514761,,0.011494252873563218,0.20977001059134626,0.1929345883793074,2.0950146218744465
202131,1331,0.07211644726582306,0.020710025471957518,0.06292483925494084,0.04221481378298332,-0.009191608010882216,0.05140642179386554,,0.0037593984962406013,0.06303170233658471,0.07212611753323682,2.119575315011413
202132,1357,0.10879494068489357,0.24228817943152745,0.08482632928445814,-0.15746185014706932,-0.02396861140043542,-0.13349323874663388,,0.007380073800738007,0.08293598883281772,0.10857229464304054,2.0927969639710478
202133,1390,0.08900400430516571,0.053232880019938505,0.20168927588893715,0.14845639586899864,0.11268527158377144,0.035771124285227204,,0.0035971223021582736,0.1968894076040659,0.08937775731050573,2.1205931663026054
202134,1402,-0.007344919174093557,0.13985207500539976,-0.006652764973004657,-0.1465048399784044,0.0006921542010889003,-0.1471969941794933,,0.007142857142857143,0.013637334982340227,-0.007757096364402584,1.881518508463922
202135,1421,0.12228152799634275,0.11968492970968095,0.1759557196783289,0.056270789968647955,0.05367419168198616,0.002596598286661797,0.03293749727826503,0.017605633802816902,0.18700347152200872,0.12268721741419378,1.9197559844202912
202136,1432,-0.046098220105884394,-0.05633535494950629,-0.01647551229338392,0.03985984265612237,0.029622707812500475,0.010237134843621896,,0.0034965034965034965,-0.012741184039540325,-0.045930096692941236,2.0158432888712348
202137,1446,0.01921426206169091,0.007371452475847199,-0.035897734145886935,-0.04326918662173414,-0.05511199620757784,0.01184280958584371,-0.050457352286012856,0.01730103806228374,-0.048833798569394044,0.01898425168287851,2.06376832858582
202138,1447,-0.06919133843015454,-0.06742437091304795,0.005565585537068438,0.0729899564501164,0.07475692396722299,-0.001766967517106588,,0.010380622837370242,-0.054980369133677376,-0.06934715633788026,2.0420258865863725
202139,853,-0.04993861024068847,-0.07857466776982878,-0.040309756378622115,0.03826491139120667,0.009628853862066356,0.028636057529140314,,0.023391812865497075,-0.040300830555542975,-0.04997486590935386,2.1908601848776184
202140,854,0.18913992807838595,0.15956806299627072,0.21330359786205305,0.053735534865782336,0.024163669783667102,0.029571865082115234,,0.017543859649122806,0.2128473609306675,0.18953102475244213,2.130369451616601
202141,1476,0.04172028794150078,-0.004376610259413507,0.0610531576939619,0.0654297679533754,0.019332869752461117,0.04609689820091429,,0.010169491525423728,0.06135483808672647,0.041875215295881944,2.245536623403614
202142,1511,0.056631816754397074,-0.11047950614887811,0.07380379231210647,0.18428329846098457,0.0171719755577094,0.16711132290327518,-0.01083203269068718,0.019867549668874173,0.07515026878561545,0.05669027683207901,2.2633874661226314
202143,1530,0.010089081005257487,-0.08364227887433241,0.0063379883376406465,0.08998026721197305,-0.0037510926676168404,0.0937313598795899,0.08698127127229517,0.029411764705882353,0.054486459127834924,0.009969537121884836,2.2046770987015822
202144,1527,0.04505080263326073,-0.04393746265635619,0.05809914354198477,0.10203660619834096,0.013048340908724039,0.08898826528961692,-0.11346930093342313,0.019672131147540985,0.03142622681826105,0.04457569528790954,2.1796365216450577
202145,1565,0.04972653193669755,0.10980272673808004,0.042885505356568134,-0.0669172213815119,-0.006841026580129417,-0.060076194801382495,0.07134812576368892,0.01597444089456869,0.039892732621489436,0.049692026256661366,2.2905058631937836
202146,1558,-0.13567548806274254,-0.1401488003680747,-0.14950796144001793,-0.009359161071943234,-0.01383247337727539,0.0044733123053321555,0.027143214357872397,0.03205128205128205,-0.15076867792619347,-0.13602514249433642,2.1601217643625215
202147,1585,0.07619831502179124,0.06890059109407497,0.289593240690617,0.220692649596542,0.21339492566882573,0.007297723927716271,0.22090525488413515,0.0694006309148265,0.3288781644856833,0.07610771645057289,2.2671026385455733
202148,1595,-0.032468616422721766,-0.02990729424712303,-0.0714965254215769,-0.04158923117445387,-0.03902790899885514,-0.0025613221755987348,-0.05129305104942261,0.050156739811912224,-0.09872613193505024,-0.03246380904025594,2.4377474995641357
202149,1566,-0.1518036964416688,-0.22294840246725336,-0.10479167126139237,0.118156731205861,0.04701202518027643,0.07114470602558456,0.14266260998426278,0.025559105431309903,-0.09998176414933249,-0.1519082378329041,2.683025944948288
202150,1566,-0.015205769837529201,-0.04415481403086573,-0.04458124350284055,-0.00042642947197481934,-0.029375473665311347,0.028949044193336528,-0.04682172278953154,0.038338658146964855,-0.046004506546532535,-0.015013347971459052,2.6660156146576077
202151,1589,0.08375654539061071,0.1063823907685482,0.07472169573289944,-0.031660695035648764,-0.009034849657711272,-0.022625845377937492,-0.058939433838270744,0.03459119496855346,0.07822870124444918,0.08429888053881292,2.407091710470087
202152,1582,-0.08575034413874891,-0.02719945659477113,-0.08875224801154497,-0.06155279141677383,-0.003001903872796058,-0.058550887543977775,,0.006329113924050633,-0.08908505572479708,-0.08597199394104364,2.1200769321351736
202201,1563,-0.11214625477961492,-0.10601749326517776,-0.13363889196573264,-0.027621398700554883,-0.021492637186117727,-0.006128761514437156,,0.006389776357827476,-0.13510215457841437,-0.11240854434217422,2.302027206021142
202202,1566,0.04676572138633449,0.026339039762693986,0.07418384822572778,0.047844808463033794,0.027418126839393292,0.020426681623640502,0.07642726041766261,0.025559105431309903,0.07925568937513723,0.04698638383869427,2.5598590676588406
202203,1529,-0.19700916955944997,-0.24975668192602407,-0.22580342134523484,0.023953260580789226,-0.028794251785784875,0.0527475123665741,0.09591236251786228,0.02287581699346405,-0.225923700652457,-0.1971989770793321,2.872779003588853
202204,1514,-0.006350563798634581,-0.026560193892144302,-0.11166701086350049,-0.08510681697135619,-0.10531644706486591,0.02020963009350972,-0.09737729143368276,0.0891089108910891,-0.11332082079767011,-0.006119503006168159,2.652776732666108
202205,1521,0.1093168651296555,0.10447599729692046,0.09722208440576112,-0.007253912891159342,-0.012094780723894374,0.004840867832735032,0.00711324711672888,0.02631578947368421,0.09568516833546367,0.10950146793840146,2.537545873184706
202206,1546,0.005467247927632543,0.030779301095816204,0.0044681715274946954,-0.02631112956832151,-0.000999076400137848,-0.025312053168183662,,0.006472491909385114,0.00913609480763536,0.005501836011183108,2.5026140060836397
202207,1540,-0.05041314453273438,-0.033669890025207344,-0.052825752777230554,-0.01915586275202321,-0.002412608244496177,-0.016743254507527033,-0.03319997458482167,0.03896103896103896,-0.05063923105039728,-0.05029192549821759,2.273574040071419
202208,1524,-0.027394017655397597,-0.11401660809557071,-0.047363670717102985,0.06665293737846772,-0.019969653061705388,0.08662259044017312,0.06117424840000514,0.04590163934426229,-0.0466569848183381,-0.026911334344910255,2.3442159718048434
202209,1521,-0.0237824191585336,-0.01898868568523715,-0.017966132127673545,0.0010225535575636054,0.005816287030860054,-0.004793733473296449,,0.003289473684210526,-0.017656177941092973,-0.023573211326734893,2.3585150324111535
202210,1504,-0.012592446758377125,0.022324488451670132,-0.010483938331714968,-0.0328084267833851,0.0021085084266621573,-0.034916935210047254,,0.009966777408637873,-0.0069960808572768415,-0.012576632884904163,2.2370799099167846
202211,1502,0.08721116606549453,0.06071048249129035,0.05454889767650025,-0.006161584814790101,-0.03266226838899428,0.02650068357420418,-0.04018715889522342,0.04,0.046586846197575256,0.08777726793687707,2.276354462040563
202212,1514,0.06732291405146869,0.07158001892001199,0.05681179127432184,-0.014768227645690149,-0.010511122777146845,-0.004257104868543304,,0.0033003300330033004,0.05651685485693382,0.0675644343766557,2.023318057479612
202213,1526,0.08191884905461336,0.1320321283882765,0.06582144731440508,-0.06621068107387142,-0.01609740174020828,-0.050113279333663135,,0.003278688524590164,0.0652284835170128,0.08191748940975405,1.82670105364549
202214,1534,-0.09380420413677833,-0.0475406465277099,-0.09431624543496794,-0.04677559890725804,-0.0005120412981896166,-0.046263557609068424,,0.009771986970684038,-0.15085458007149394,-0.09424076262557486,1.606329579825287
202215,1522,-0.04057663149691592,-0.0385215814575538,-0.03916047961755994,-0.0006388981600061391,0.0014161518793559813,-0.0020550500393621204,-0.015310740529207844,0.09210526315789473,-0.0390353130339102,-0.0406232980819017,1.382096037287766
202216,1515,-0.020677462093407418,0.05006400019264263,-0.036602840727166824,-0.08666684091980945,-0.015925378633759407,-0.07074146228605005,0.012121937740955227,0.033003300330033,-0.036715952536625136,-0.020646379837012483,1.0829238045095295
202217,1493,-0.052803030242548295,-0.16014717955397176,-0.006009514840972856,0.1541376647129989,0.04679351540157544,0.10734414931142347,,0.010033444816053512,0.018572486411366673,-0.052592437520426,1.3450080990234194
202218,1462,-0.06003741591436533,-0.0873000933693505,-0.05300040550160107,0.03429968786774944,0.0070370104127642635,0.027262677454985174,0.043185108617144446,0.0684931506849315,-0.05318302485727004,-0.06012661759944925,1.1708673308312025
202219,1368,-0.24446289820597947,-0.40147038813418723,-0.25837146630523516,0.14309892182895206,-0.013908568099255697,0.15700748992820776,0.10874591019764918,0.01824817518248175,-0.25713395104327375,-0.24402194676569178,1.2223072015393859
202220,1352,-0.012142925202714778,0.05303772788400932,-0.010348907802278281,-0.06338663568628759,0.0017940174004364966,-0.06518065308672409,0.0011217545495866045,0.04814814814814815,-0.010304051527573372,-0.01237169573681631,1.0715356136938101
202221,1346,-0.059708661393713516,-0.13217819400557695,-0.02253213420037683,0.10964605980520012,0.03717652719333669,0.07246953261186344,0.13358969678546997,0.06691449814126393,-0.0225032923671879,-0.059844473474620276,1.2630638149462887
202222,1342,0.034304139144715244,0.0788458645278072,0.0319799749886739,-0.0468658895391333,-0.002324164156041343,-0.04454172538309196,-0.0825193358998254,0.06343283582089553,0.03218806972070085,0.03445547603263896,1.42940986808316
202223,1337,-0.03648255976692619,-0.08365039321982402,-0.02244880515632935,0.06120158806349467,0.014033754610596836,0.04716783345289784,0.044088255762415846,0.08239700374531835,-0.022392730480866582,-0.03643203164146063,1.2833749101129266
202224,1271,-0.28343305538010327,-0.2617805932384411,-0.2791887791987188,-0.01740818596027771,0.004244276181384454,-0.021652462141662165,-0.03905590865779732,0.09448818897637795,-0.27875263533909417,-0.28391678215373134,1.144586156832622
202225,1277,0.0895451552205326,0.14673509859336034,0.1188160266421541,-0.027919071951206242,0.029270871421621505,-0.05718994337282775,-0.01639731416346249,0.06274509803921569,0.1188456298902962,0.08963698109270789,0.8185924609131999
202226,1262,-0.1068381020667215,-0.092819144291785,-0.14221039809168948,-0.04939125379990447,-0.035372296024967984,-0.014018957774936489,,0.015873015873015872,-0.15090098856511064,-0.10711322195879643,1.1599977766307592
202227,1265,0.11907371581030056,0.08943102069559175,0.03822999259699882,-0.05120102809859293,-0.08084372321330174,0.02964269511470881,-0.059156310953304585,0.05928853754940711,0.04720976136785552,0.11957939430060524,1.0784669830435327
202228,1273,-0.024067509138091397,-0.018524874519722394,-0.032077405601011987,-0.013552531081289593,-0.00800989646292059,-0.005542634618369003,-0.015232606566697261,0.023529411764705882,-0.03207304278460434,-0.024201738954602946,0.9355417759244905
202229,1283,0.11863007966302185,0.061584803124641666,0.1854525243355146,0.12386772121087293,0.06682244467249275,0.05704527653838018,0.13259577531334427,0.03501945525291829,0.185571737838199,0.11873982102195223,1.3082378357186446
202230,1300,0.07419670938361649,0.0569632062388947,0.12027977234486657,0.06331656610597187,0.04608306296125009,0.017233503144721787,-0.04938261122314101,0.046153846153846156,0.0761822665142007,0.0744762179689948,1.404350092795817
202231,1305,0.0015933519929713863,-0.036589130700843235,0.017392877285157555,0.05398200798600079,0.01579952529218617,0.03818248269381462,,0.0038314176245210726,0.04451048186910012,0.0017170880328027424,1.4230199297075563
202232,1238,0.06807452812279631,-0.00458941406064886,0.10247225346370509,0.10706166752435395,0.03439772534090878,0.07266394218344517,,0.004032258064516129,0.10108651279178106,0.06817590655616068,1.9485496165628942
202233,1211,-0.15970543382941324,-0.05268867746105838,-0.18804120219259193,-0.13535252473153356,-0.028335768363178693,-0.10701675636835487,,0.008264462809917356,-0.1877390285831975,-0.15983801972987946,1.4257641001805539
202234,1292,-0.03713221626241343,-0.05932587300310091,-0.03433874528628193,0.024987127716818977,0.0027934709761314944,0.022193656740687483,0.03775605677990081,0.12015503875968993,-0.05866666724969463,-0.03731108894221947,1.8079338021202103
202235,1294,0.007779076172134238,-0.0048594445075741954,0.021805545819139925,0.02666499032671412,0.014026469647005688,0.012638520679708432,0.024317935856189507,0.1583011583011583,0.022394330612233393,0.008003503744592043,1.7573443085116112
202236,1285,0.07229273755584274,0.07981838349838286,0.08300149935097784,0.003183115852594981,0.010708761795135094,-0.007525645942540113,-0.008543936706540828,0.06614785992217899,0.08308901657426056,0.07265969454870727,1.6901359235365443
202237,1275,-0.09621142042775725,-0.08650081090053616,-0.0984425619155449,-0.011941751015008745,-0.0022311414877876495,-0.009710609527221095,,0.011764705882352941,-0.09893987518178644,-0.09662574987846535,1.7570406994314673
202238,1275,-0.022011340565683806,-0.031148004886362286,-0.003015077676941142,0.028132927209421142,0.018996262888742663,0.00913666432067848,0.010514099551884025,0.06274509803921569,-0.003824241582822735,-0.021886164267176732,1.682227498720165
202239,1278,-0.0011418773042792248,-0.012165480816757657,-0.01563325186450317,-0.003467771047745514,-0.014491374560223947,0.011023603512478433,0.02747116489744081,0.03125,-0.01598380272048425,-0.0012176945349102785,1.6041461330417626
202240,1272,0.005448280358987273,-0.004065178273234599,0.009086589684489582,0.013151767957724181,0.0036383093255023093,0.009513458632221871,0.015580349645319212,0.03937007874015748,0.009345337339969825,0.005652579775558708,1.5319566663963025
202241,1262,-0.03336360770051725,-0.08828427868029243,-0.02869584566750283,0.0595884330127896,0.0046677620330144234,0.054920670979775175,0.08423352115551123,0.031746031746031744,-0.02864641180662337,-0.033346170630527736,1.5224826784756045
202242,1273,-0.005581568530817061,-0.03457034758911414,-0.003136003241917981,0.03143434434719616,0.00244556528889908,0.02898877905829708,0.037361256752817346,0.10196078431372549,-0.0027829902512970933,-0.005323753892112855,1.3042575052986722
202243,1273,0.107170922154819,0.09025944669052455,0.10915563597658408,0.01889618928605953,0.0019847138217650717,0.01691147546429446,-0.007521367360922709,0.050980392156862744,0.11353252761434866,0.1077059260631216,1.177458330481809
202244,1280,0.05880806630852109,0.028760176796308993,0.059353066772975416,0.030592889976666423,0.000545000464454326,0.030047889512212097,0.04049989290882177,0.03125,0.0597417896924561,0.05885227214066008,1.0511963286646897
202245,1235,-0.2094581139846598,-0.22425825549025122,-0.20366622113630836,0.020592034353942856,0.005791892848351438,0.014800141505591419,,0.012145748987854251,-0.2001779009012363,-0.20985625923278173,1.2459846350401458
202246,1210,-0.037889117931607375,-0.10501733587948477,-0.03582941067155043,0.06918792520793433,0.002059707260056942,0.06712821794787739,0.0919105681229104,0.05371900826446281,-0.054289290204918156,-0.03804170172494232,1.4002280729805663
202247,1195,-0.0004580420828400001,0.02293067725249183,-0.03396543056876512,-0.05689610782125695,-0.033507388485925126,-0.02338871933533183,-0.04930529546431451,0.11297071129707113,0.012320031066540248,-0.00033915382316049346,0.9105047915704026
202248,1194,0.04295852172856282,0.07154085258827171,0.012983216829182053,-0.058557635759089656,-0.029975304899380766,-0.02858233085970889,-0.030764740827198024,0.0794979079497908,0.013391575384919755,0.0431125247682114,0.8677098624777863
202249,1205,-0.013109733826536785,-0.025447622268450997,-0.034427005517159694,-0.008979383248708697,-0.02131727169062291,0.012337888441914212,-0.1981961000857003,0.02074688796680498,-0.035417877871544566,-0.013085176232424106,0.6010200076983462
202250,1188,-0.07282895331124901,-0.10541441757861501,-0.0451629944763469,0.060251423102268116,0.027665958834902117,0.032585464267366,0.11562103956900124,0.058823529411764705,-0.03071386215519645,-0.0730780714170446,0.7361458789936358
202251,1187,0.01579879957623539,0.041607780257509996,0.00920416271659909,-0.03240361754091091,-0.006594636859636302,-0.025808980681274605,-0.04107279797848744,0.06751054852320675,0.01908509391150389,0.01597367686436465,0.7343192539381821
202252,1187,-0.0226226289655988,-0.0969258873151381,-0.01954051635712145,0.07738537095801665,0.00308211260847735,0.0743032583495393,0.06463620072681393,0.12236286919831224,-0.02173020805876712,-0.022570272811695394,1.0543930691430279
202301,1197,0.04353599709821668,0.07507256319642651,0.05429757709888805,-0.02077498609753846,0.010761580000671372,-0.03153656609820983,-0.044482368298646144,0.12133891213389121,0.05755299603364015,0.04384242956263887,1.0714928864713926
202302,1213,0.23050721141679975,0.14536506218953058,0.2303071617687198,0.08494209957918922,-0.0002000496480799585,0.08514214922726918,-0.4127329326174195,0.02880658436213992,0.21990962669973313,0.2310885624228593,1.144033460691044
202303,1250,0.05880060212509689,0.02522112566300307,0.06851840518844748,0.04329727952544442,0.009717803063350593,0.03357947646209382,,0.0,0.07195489454500183,0.058875678431115054,1.1852868620547476
202304,1252,0.012383174021964849,0.033330517291190936,0.0174451091176189,-0.015885408173572035,0.005061935095654052,-0.020947343269226086,,0.012,0.01690395682794698,0.011965781602160008,1.3739830470669248
202305,1254,0.041779961502573716,0.0677111010894501,0.07406881915193737,0.0063577180624872776,0.03228885764936366,-0.02593113958687638,0.021340141016361662,0.05976095617529881,0.03700281105870935,0.040093887469432335,1.4069539431699838
202306,1264,-0.06270382475237375,-0.07343721035087772,-0.05092494688371723,0.02251226346716049,0.011778877868656522,0.010733385598503967,0.04978933573977092,0.07114624505928854,-0.037428892740287024,-0.0623770039269882,1.5265696047934796
202307,1329,0.10594287164051926,0.1197990724089052,0.08295385211503364,-0.03684522029387155,-0.022989019525485613,-0.013856200768385937,-0.03782576198044388,0.12781954887218044,0.0839641333023501,0.10631906230636314,1.4792813160126326
202308,1298,-0.05837319491642647,-0.06578534648341322,-0.08342663664647681,-0.017641290163063594,-0.025053441730050342,0.007412151566986748,0.019273407066496703,0.038461538461538464,-0.08436501280501928,-0.0585657838216405,1.2907121977709464
202309,1297,-0.03849539692501686,-0.08189072491371352,-0.07308639622873336,0.008804328684980156,-0.0345909993037165,0.04339532798869666,0.012575062887653699,0.11969111969111969,-0.05759350853268179,-0.038505515273831725,1.3092927009938753
202310,1296,-0.07677614007701866,-0.12737777571661296,-0.09143427957112274,0.03594349614549022,-0.014658139494104078,0.0506016356395943,0.04892370020323364,0.24324324324324326,-0.04075014714626441,-0.07663403515924988,1.4761983007370227
202311,1293,0.23190309093142955,0.27890062391959825,0.16868132344697864,-0.1102193004726196,-0.06322176748445091,-0.046997532988168694,-0.2100590025485584,0.10810810810810811,0.24187586546780693,0.23308374415151914,1.1838457614594111
202312,1345,-0.001151084580235942,-0.061677253837813244,0.001934195068518274,0.06361144890633152,0.003085279648754216,0.060526169257577304,0.08098478488561471,0.03345724907063197,0.003768310732171973,0.0005298266242115096,1.3538092351612128
202313,1338,0.03791737066127202,0.014252739389911026,0.08080185482430463,0.06654911543439361,0.04288448416303261,0.023664631271360995,0.01556129803810355,0.11940298507462686,0.038792897729714726,0.03813630438354516,1.6673539772378392
202314,1326,-0.012113237569381392,-0.0401196657507911,-0.017741967044155326,0.022377698706635776,-0.005628729474773934,0.02800642818140971,0.031424937630818855,0.06792452830188679,-0.015039461877626885,-0.012179669231288074,1.842643090899805
202315,1328,0.09374308862484163,0.11482452862045965,0.08499501025963685,-0.0298295183608228,-0.008748078365204776,-0.021081439995618026,-0.046087954960392086,0.10150375939849623,0.06448128826047814,0.09407977783599034,1.767266679813063
202316,1317,-0.08893443867181104,-0.1539519883050168,-0.0942807232178962,0.059671265087120604,-0.005346284546085156,0.06501754963320576,0.06418163199151729,0.04182509505703422,-0.09442254416111856,-0.08910788051657369,2.151925508934272
202317,1305,0.028126894847474646,-0.06105268909212769,-0.01670690800375007,0.04434578108837762,-0.044833802851224715,0.08917958393960233,-0.03286694093698149,0.1111111111111111,-0.016645632034624838,0.028405494156915727,1.9989506707946543
202318,1306,-0.018311941700065153,-0.005851337441653913,-0.013791362638118672,-0.00794002519646476,0.004520579061946481,-0.01246060425841124,0.08136844232273073,0.07279693486590039,-0.014250146797410301,-0.018050006655341677,1.893771684489202
202319,1280,-0.0670912174599639,-0.11079466816039876,-0.06653573088763153,0.04425893727276724,0.0005554865723323699,0.04370345070043487,0.05918049074277372,0.078125,-0.06698556336566472,-0.06703632738151333,1.7372615533075937
202320,1280,0.016398130776114787,0.019539834623175226,0.015862253203417404,-0.0036775814197578215,-0.0005358775726973831,-0.0031417038470604383,-0.04725967921441242,0.0703125,0.023029492696135495,0.016537226722972972,1.9297823271772747
202321,1282,-0.005739134408495966,-0.015235685259868329,0.0018741364060565321,0.01710982166592486,0.0076132708145524985,0.009496550851372363,0.006567372226503266,0.0390625,0.006223778583548984,-0.005659835392047446,1.7437578165335894
202322,1272,0.016413712006153224,-0.008161674291108919,0.033933478959114194,0.042095153250223116,0.01751976695296097,0.024575386297262143,0.04618900624786257,0.047244094488188976,0.03408203292266508,0.01649590982259444,2.0087555325263247
202323,1236,-0.08987757410161094,-0.22373337007838137,-0.09581277428747416,0.1279205957909072,-0.005935200185863215,0.13385579597677044,0.1727288282831521,0.04048582995951417,-0.13908949072274931,-0.08919113498855814,2.1073611496672005
202324,1235,0.012199470425627676,0.03565549304801727,0.011476346694817258,-0.02417914635320001,-0.0007231237308104183,-0.02345602262238959,-0.038411769450727405,0.242914979757085,0.010646495330803194,0.012319235016007051,2.085687986655083
202325,1251,0.11711343394323243,0.10754090457911333,0.1491806845304047,0.04163977995129137,0.032067250587172275,0.009572529364119092,0.019664961831275946,0.152,0.1521627195719554,0.11752891613416072,2.2805908355988183
202326,1247,0.016042397604600255,0.04214476338048616,0.008539933351844956,-0.0336048300286412,-0.0075024642527553,-0.026102365775885903,-0.043651629319862675,0.05220883534136546,0.008145387379116227,0.016257252303096832,2.3383088337121225
202327,1252,-0.018078219614286347,-0.028050191009983506,-0.032723127058309286,-0.00467293604832578,-0.014644907444022939,0.009971971395697159,0.01650956123574926,0.044,-0.03247019042344247,-0.018225295882174416,2.5021870624794893
202328,1249,0.03349832959853966,0.04443176010185675,0.08477032950055179,0.04033856939869503,0.05127199990201212,-0.01093343050331709,0.02480931220606615,0.084,0.08694599005696427,0.033486921987285874,2.654367891098888
202329,1219,-0.02031271007209099,-0.025745823487450383,-0.005196012629680222,0.020549810857770162,0.01511669744241077,0.0054331134153593925,0.03193466646731705,0.05737704918032787,-0.0032049208510994166,-0.020436681842593035,2.4808187628171945
202330,1174,-0.005515591936824726,-0.0027045016155341816,0.006976556543052708,0.00968105815858689,0.012492148479877434,-0.002811090321290544,0.0017838230718747374,0.1574468085106383,0.0077989853395874125,-0.0055506770853094725,2.3489315910395034
202331,1168,-0.02386847099193666,-0.08617577634591225,-0.015159531436689043,0.0710162449092232,0.008708939555247618,0.06230730535397559,0.07969698194762584,0.1752136752136752,-0.016579584374478512,-0.024170925849891684,2.3820551263181424
202332,1165,0.011198747921898584,0.049159152975429596,0.005644059421545761,-0.04351509355388383,-0.005554688500352823,-0.037960405053531016,-0.05119860663006863,0.0815450643776824,0.004298622187784863,0.011269550625142703,1.9943817728794258
202333,1157,-0.11058879333848252,-0.1491409945777948,-0.11748874326505598,0.03165225131273883,-0.006899949926573459,0.038552201239312286,0.04292253851565836,0.08658008658008658,-0.11967319241330979,-0.11194884625041995,2.7674523724481177
202334,1149,-0.008776324522760899,-0.015096048392092295,-0.014617446413749386,0.0004786019783429088,-0.005841121890988487,0.006319723869331396,-0.0003166261286623815,0.12173913043478261,-0.01379482386103446,-0.008639055393643335,2.68505691811525
202335,1143,-0.008825873143908439,-0.027909487747169927,0.018184908829573316,0.046094396576743246,0.027010781973481755,0.019083614603261488,0.0409368262272593,0.2314410480349345,0.021598538427656404,-0.00849456423519805,2.7367114763154152
202336,1135,0.0016377178820916219,0.001401636922998186,0.00253105691928629,0.001129419996288104,0.0008933390371946683,0.0002360809590934358,-0.0015282479252584345,0.13656387665198239,0.001925650615382041,0.0017840616692708048,2.7291957560273623
202337,1140,0.016715694880962216,-0.004368367648768117,0.0079124999370891,0.012280867585857218,-0.008803194943873115,0.021084062529730333,-0.0038038947252327093,0.09210526315789473,-0.007009450578084078,0.016641472810344882,2.8197832769754627
202338,1132,-0.006354463806913611,-0.0084772534179403,-0.004972226637222106,0.003505026780718193,0.0013822371696915045,0.0021227896110266884,0.030126526189670683,0.02654867256637168,-0.010129428318563834,-0.006650882293179132,2.7390591765335186
202339,1139,0.024486889865685726,0.023712341923373993,0.01836273430287211,-0.005349607620501882,-0.006124155562813614,0.0007745479423117325,-0.02145798461304239,0.06140350877192982,0.011732462174714584,0.02445237738876455,2.7317795441308
202340,1140,0.014582066902588755,-0.021824607356130146,-0.01290908996052644,0.008915517395603706,-0.027491156863115193,0.0364066742587189,-0.0017389205899163342,0.07456140350877193,-0.016481235526555952,0.014685612098537316,2.7173454270029174
202341,1145,-0.041915514187273385,-0.05816333123132747,-0.03961560663346648,0.01854772459786099,0.002299907553806907,0.016247817044054085,0.013978156264922402,0.12663755458515283,-0.0403705004226309,-0.04315642392965016,2.6109403113046374
202342,1093,0.09134264126439934,0.10583312956332963,0.10919680231752193,0.003363672754192304,0.017854161053122597,-0.014490488298930293,0.08319607856865241,0.1598173515981735,0.10895999313078561,0.09040594222844567,2.5204098455716455
202343,1095,0.11532233494929205,0.13844998714782816,0.11818331831966293,-0.020266668828165232,0.0028609833703708842,-0.023127652198536117,-0.07772802942643665,0.0867579908675799,0.12628866766619476,0.1158936170304605,2.375949251023812
202344,1129,0.04654119243536804,0.06439172782956606,0.08554594711211948,0.021154219282553413,0.039004754676751435,-0.017850535394198022,0.07372477351054635,0.035398230088495575,0.07747097592352732,0.046378297115319066,2.3479591863469347
202345,1151,0.08564046217883473,0.0314660540060679,0.16601989540347586,0.13455384139740795,0.08037943322464114,0.05417440817276682,0.14939565377567277,0.1,0.22463377988341857,0.08567785516155581,2.530612858094954
202346,1164,-0.020734437334494274,-0.01983837128462284,0.006762352323795309,0.02660072360841815,0.027496789658289583,-0.0008960660498714343,0.02864113845888039,0.06437768240343347,-0.00022240111151248506,-0.02182737456637343,2.432754164811868
202347,1184,0.03777977098531349,0.0326570185980779,0.03035935691265751,-0.0022976616854203935,-0.007420414072655979,0.005122752387235585,0.00023132515088595748,0.1940928270042194,0.023469394275713654,0.03767021270539849,2.666259427356442
202348,1220,0.03818606975244372,-0.003987006079674167,0.000520414814239318,0.004507420893913485,-0.0376656549382044,0.042173075832117886,0.010936192917415332,0.12704918032786885,-0.0008663430009815811,0.03842253406618025,2.950420507861457
202349,1261,0.10242385676550923,0.046638863879527995,0.10831864893510093,0.061679785055572936,0.005894792169591698,0.05578499288598124,0.06452749508196062,0.10317460317460317,0.10726638286814623,0.10334529912574296,3.160774155922394
202350,1289,-0.024252961579248555,-0.02399614004370042,0.06304865391820388,0.0870447939619043,0.08730161549745244,-0.00025682153554813444,0.11443435863676255,0.08527131782945736,0.06871507091306396,-0.02467711546715175,3.197884292319911
202351,1300,0.04976080020024916,0.04710224722987852,0.16046445720352867,0.11336220997365015,0.11070365700327951,0.0026585529703706395,0.10317711666284825,0.11923076923076924,0.07568859313614149,0.04978386435078347,3.557833927335843
202352,1311,-0.018019547633099018,-0.04362287474733021,-0.0010252110470180612,0.04259766370031215,0.016994336586080957,0.025603327114231193,0.07180403971772917,0.04198473282442748,-0.05149126669210192,-0.018501730460371246,3.4958700635961795
202401,1306,-0.011158466759766108,-0.10954428130602044,-0.06913520789950786,0.04040907340651258,-0.05797674113974175,0.09838581454625434,0.06259358486843633,0.0842911877394636,-0.07424697402363752,-0.010968764573002273,3.715852925096861
202402,1323,0.005605037532716483,0.05822026846695194,-0.04198935095838156,-0.1002096194253335,-0.047594388491098046,-0.05261523093423546,-0.09753157177543414,0.30566037735849055,-0.042088314287517394,0.006709872952511296,2.974607952858658
202403,1295,-0.010982025347999878,-0.01015827616518749,-0.010857044714265072,-0.0006987685490775827,0.00012498063373480618,-0.0008237491828123888,0.013276382289228747,0.2084942084942085,-0.01063543322826689,-0.010772727943542263,2.8454909558212265
202404,1528,-0.013273980289450033,0.005522317903026867,-0.03250295759009537,-0.038025275493122235,-0.019228977300645336,-0.0187962981924769,-0.042559243562771756,0.19934640522875818,-0.026314400114607436,-0.013107686180184078,2.753719367348329
202405,1316,0.007834011836578407,-0.041038698179782306,0.00406834931339734,0.04510704749317965,-0.0037656625231810674,0.04887271001636071,0.03537139360446846,0.19391634980988592,0.00555568148097752,0.008216691095801427,2.861616571644391
202406,1360,0.11270260564415975,0.1386829333572553,0.059469016158494425,-0.07921391719876086,-0.053233589485665325,-0.02598032771309554,-0.06056899312380383,0.17647058823529413,0.12432871268312028,0.1131154214566066,2.457839421877093
202407,1381,0.09583600708001792,0.06456771209710155,0.09279720393002626,0.02822949183292471,-0.0030388031499916646,0.031268294982916375,-0.006542327832523093,0.05434782608695652,0.09588140293385791,0.09601311818789288,2.6749449979462945
202408,1398,0.014645719385405981,-0.0003328916715993056,0.07724515082953196,0.07757804250113126,0.06259943144412597,0.014978611057005287,0.08708757940125489,0.03214285714285714,0.06951580542993632,0.01462202733283934,2.9235339071821778
202409,1409,0.19359356671165262,0.20020860775900895,0.14447720032707476,-0.05573140743193419,-0.049116366384577864,-0.006615041047356329,-0.05627432009415173,0.07446808510638298,0.20317666948610763,0.19414851879426406,2.6780579000597466
202410,1434,0.10078843493880586,0.029893851378156238,0.0935046082498432,0.06361075687168696,-0.007283826688962658,0.07089458356064962,0.04080115960511584,0.09407665505226481,0.13014229811434716,0.10096278085968839,2.73675520418944
202411,1459,-0.009315317017066253,0.028429440254706385,0.05765479836129118,0.029225358106584793,0.06697011537835743,-0.037744757271772636,-0.0039713181667753936,0.08561643835616438,0.06434815168418768,-0.00908692661464059,3.356840157715904
202412,1484,-0.02231581815924512,0.037312027792580076,-0.031552748092701415,-0.06886477588528149,-0.009236929933456293,-0.0596278459518252,-0.08935532263710728,0.09764309764309764,-0.03204886546323078,-0.02234341366711281,2.8823364579441626
202413,1498,0.06219330709366407,0.043796447523799464,0.10333891487575314,0.059542467351953676,0.04114560778208907,0.01839685956986461,0.07699118334957884,0.03666666666666667,0.10112930985422683,0.062234654952174034,2.869608170092134
202414,1512,-0.045310849923112594,-0.057034492360391556,-0.06681718972649578,-0.009782697366104223,-0.021506339803383186,0.011723642437278962,-0.024584620323827314,0.03642384105960265,-0.04811924004968305,-0.04518838531086888,2.7663442688559114
202415,1503,-0.08732410530820066,-0.21526334520184134,-0.05718691458898856,0.1580764306128528,0.0301371907192121,0.1279392398936407,0.1899298070403343,0.07973421926910298,-0.05621243985135056,-0.08680060446832419,3.0990690722716483
202416,1494,-0.0029911272699713535,0.03929145856210938,-0.00955462239742841,-0.04884608095953779,-0.006563495127457056,-0.042282585832080735,-0.07491554914627434,0.11371237458193979,-0.009550984236398694,-0.0030965084922327706,2.7692194581794483
202417,1504,-0.01846690366972133,-0.05758199963378995,-0.02083473903003979,0.036747260603750165,-0.0023678353603184613,0.03911509596406862,0.05681678270422999,0.09966777408637874,-0.015012024530438548,-0.018383209079473904,2.7520138113418224
202418,1517,0.007013583909952393,0.022988923469187447,-0.026496552617473218,-0.049485476086660665,-0.03351013652742561,-0.015975339559235052,-0.060188255001472395,0.09570957095709572,-0.02630723076621298,0.007174539894158643,2.6023684636750533
202419,1455,-0.045105293924159906,-0.08393520360556744,-0.036226343048186956,0.04770886055738049,0.00887895087597295,0.03882990968140754,0.038711030266804315,0.044673539518900345,-0.0411075663823069,-0.04504381562303233,2.6097658026366046
202420,1456,0.060026869752455574,0.007869675783177548,0.06847831530732387,0.06060863952414632,0.008451445554868299,0.05215719396927802,0.057002075476514466,0.14776632302405499,0.06867763001124164,0.060393318457087355,2.768691718178291
202421,1532,0.0734584205398195,0.06555644984942954,0.07623787172207099,0.010681421872641442,0.00277945118225148,0.007901970690389962,-0.08946041142317378,0.06209150326797386,0.07348887425126341,0.07372219563419331,2.750958208585598
202422,1593,-0.01155633611573567,-0.026446329376272285,-0.012719946817334992,0.013726382558937293,-0.0011636107015993227,0.014889993260536616,-0.06159067476426236,0.02821316614420063,-0.019490469538912456,-0.011382495762261432,2.680546800175229
202423,1609,0.007476585864210881,-0.03664721359664562,-0.02519339090656808,0.01145382269007754,-0.03266997677077896,0.0441237994608565,0.014204603950331372,0.16770186335403728,-0.025234045906108817,0.007783448338350272,2.480684394028064
202424,1585,-0.04587236443010906,-0.022846943924386985,-0.046481462716337005,-0.02363451879195002,-0.0006090982862279465,-0.023025420505722073,-0.07414159405218505,0.07570977917981073,-0.04645854214278166,-0.04575337970763003,2.4826205909044945
202425,1581,-0.06607669406012437,-0.17193732081381485,-0.06501910353227548,0.10691821728153937,0.0010575905278488867,0.10586062675369048,0.13152830133882737,0.17405063291139242,-0.05679525927868584,-0.0659944492198706,2.589825367056012
202426,1600,0.006514634407270928,0.06908919714580536,-0.005793410097376949,-0.07488260724318231,-0.012308044504647876,-0.06257456273853443,-0.06983375747937498,0.225,-0.0029387225745659737,0.006549478218121104,2.4262562913318004
202427,1588,-0.12403900397823497,-0.1716260205749623,-0.10698053151823589,0.0646454890567264,0.017058472459999086,0.047587016596727316,0.07264660373750426,0.11320754716981132,-0.10362797200636437,-0.12398532990994564,2.5938279007356466
202428,1580,0.10117716417601448,0.12888374367115726,0.08950029428092049,-0.039383449390236774,-0.011676869895093991,-0.027706579495142783,-0.05200157391839286,0.10126582278481013,0.09000989393215765,0.10140067291645367,2.3621998039668224
202429,1602,0.11487075811750654,0.25079261980951945,0.08395384819121554,-0.1668387716183039,-0.030916909926290995,-0.13592186169201292,-0.21525065327306186,0.1,0.07758382150280754,0.11508109472507021,1.6943950752484112
202430,1626,-0.02733464412158137,-0.0757210391672741,-0.007118320502573605,0.0686027186647005,0.020216323619007767,0.048386395045692726,0.06967212554002246,0.015384615384615385,-0.004727525176886211,-0.027086393436021365,1.8174128146354727
202431,1550,-0.16424780264854325,-0.21609969250517155,-0.15404014621136494,0.06205954629380661,0.010207656437178303,0.05185188985662831,0.06210089817323808,0.06774193548387097,-0.15401636274477856,-0.16425323598606073,1.8012165837737097
202432,1534,-0.0021808586282851213,0.023909132184387543,0.011346730144880418,-0.012562402039507125,0.013527588773165539,-0.026089990812672666,-0.023971082020785336,0.247557003257329,0.01128584374976606,-0.002026944541667044,1.8870715026154503
202433,1464,0.00747618624911177,0.02089939897183113,-0.0009763018771355447,-0.021875700848966673,-0.008452488126247316,-0.013423212722719359,-0.04623678248598048,0.18430034129692832,0.0020626936293919097,0.007407058928121821,1.7565012143355498
202434,1468,0.09572608424657558,0.2727393943605312,0.07467578820362006,-0.19806360615691113,-0.021050296042955524,-0.1770133101139556,-0.24432947824221382,0.08503401360544217,0.07392413695742377,0.09584703267718585,1.1588163719866347
202435,1602,-0.11831888974961892,-0.12187812847817528,-0.11263650720707448,0.0092416212711008,0.00568238254254444,0.0035592387285563604,0.0029220013774430564,0.034375,-0.11227295066819916,-0.11836485549106104,1.0848644413246507
202436,1610,-0.03624046521617893,0.011380068745761413,-0.026854540144079685,-0.0382346088898411,0.009385925072099243,-0.04762053396194034,-0.04573000194204445,0.2360248447204969,-0.025893876864424098,-0.036255483678134415,0.9973904700488518
202437,1613,0.0602450064129834,0.05179068484853208,0.02197881996004709,-0.02981186488848499,-0.03826618645293631,0.00845432156445132,-0.0026705132197673807,0.043343653250773995,0.02189584751843638,0.060458654177625845,0.9065988373784705
202438,1584,0.08200976432442579,0.10742601647127349,0.07345210864043611,-0.03397390783083738,-0.008557655683989682,-0.0254162521468477,-0.015838089019606538,0.05993690851735016,0.07363546798124655,0.08213282730460338,0.8254902500511913
202439,1583,0.044055799121214836,0.06392277723198746,0.03410721428243005,-0.02981556294955741,-0.009948584838784788,-0.01986697811077262,-0.03593216078174789,0.04100946372239748,0.03219679038637096,0.043972844963962116,0.772738608699427
202440,1649,-0.05799751190264052,-0.0607824006909629,-0.05090030226663091,0.009882098424331985,0.007097209636009606,0.002784888788322379,0.018132640739319215,0.04242424242424243,-0.09778562651995823,-0.0578799784363218,0.7747285400426324
202441,1654,0.0037240102340592657,-0.023598748729619784,0.003948407376244771,0.027547156105864556,0.000224397142185505,0.02732275896367905,0.03838623028903101,0.06042296072507553,0.003210727154286311,0.0036921746713915408,0.7928334870455063
202442,1690,0.09273252806393374,0.0721479913566217,0.0901641707750693,0.018016179418447603,-0.0025683572888644396,0.020584536707312043,0.011169124248410572,0.08284023668639054,0.08981465519006347,0.09288096690928122,0.8229228057039965
202443,1696,-0.03534534979789171,-0.08489187726002391,-0.029606331748030096,0.055285545511993814,0.005739018049861613,0.0495465274621322,0.1627926410519788,0.02359882005899705,-0.03247102616858648,-0.03506771977821752,0.9759782539807472
202444,1673,-0.010005460262595594,-0.0815310526623594,-0.0051337204956147745,0.07639733216674462,0.004871739766980819,0.0715255923997638,0.12006735698622531,0.03582089552238806,-0.004685241794898314,-0.009782704658159202,1.0796505321947867
202445,1677,0.21381928672847036,0.30579040343839664,0.1775714542460898,-0.12821894919230684,-0.03624783248238056,-0.09197111670992628,-0.13189234007810316,0.2865671641791045,0.19837081037529872,0.21368677236398015,0.541072050459514
202446,1623,0.0930080986351178,0.15060224459440685,0.10556895556820596,-0.04503328902620089,0.012560856933088158,-0.05759414595928905,-0.036583346299531985,0.3076923076923077,0.10618999442579966,0.09374694174244995,0.3940965375361859
202447,1628,0.1108701688472789,0.2558290177461772,0.09116603897152165,-0.16466297877465558,-0.01970412987575726,-0.14495884889889832,-0.2816038975432459,0.15950920245398773,0.09131543868168594,0.1110867185890488,0.06245006589723615
202448,1747,0.040753884710557464,0.16719577392183438,0.03284625264182266,-0.1343495212800117,-0.007907632068734807,-0.12644188921127691,-0.1589389939045039,0.05730659025787966,0.016633636613922708,0.04030201717644509,-0.19676169473777605
202449,1780,0.07262753154127387,0.21512834728097913,0.12547396175392014,-0.08965438552705898,0.052846430212646275,-0.14250081573970524,0.04995261594084127,0.05056179775280899,0.12048790073626624,0.0723895930057532,-0.4744795009394746
202450,1669,-0.00840136402816812,-0.08312248993790775,-0.03392315038839307,0.04919933954951468,-0.025521786360224945,0.07472112590973963,0.05302778256708349,0.10179640718562874,-0.038750196795510394,-0.00814435404294788,-0.5495128038805471
202451,1654,-0.1267759673486274,-0.18327988323539682,-0.10762362705491624,0.07565625618048058,0.019152340293711156,0.056503915886769424,0.08360376599481043,0.19939577039274925,-0.10721966795621023,-0.1266156056088786,-0.6281159388705327
202452,1798,-0.0062636378176353135,0.005969235440816752,-0.016916481852833242,-0.022885717293649993,-0.01065284403519793,-0.012232873258452065,-0.004845527190786347,0.2611111111111111,-0.01680286859014497,-0.006234873385936461,-0.7546281303839978
202501,1836,0.0389798654685296,0.11405895315175188,0.024706442568578766,-0.08935251058317312,-0.014273422899950833,-0.07507908768322227,-0.10022098290514328,0.14713896457765668,0.02184626788092396,0.03909071615221033,-0.9930022433054301
202502,1847,-0.012647571294032043,-0.04617662875194327,-0.04146874956367043,0.00470787918827284,-0.028821178269638384,0.033529057457911224,0.03720128396045176,0.12195121951219512,-0.04437559800008457,-0.012476335318452617,-0.807681901862064
202503,1838,0.0841206757040087,0.03805250767587288,0.09567356742202401,0.057621059746151136,0.01155289171801531,0.04606816802813583,0.06141922477240446,0.14945652173913043,0.0955948821792946,0.08464205781689224,-0.6910693710114086
202504,1813,-0.06279052433946647,-0.16222760130392977,-0.056033516376058023,0.10619408492787175,0.006757007963408446,0.0994370769644633,0.11217285666964338,0.1487603305785124,-0.05609204123160869,-0.06275581017956734,-0.4096103471357812
202505,1807,-0.07033568768487866,-0.16660310739824843,-0.044551336202291736,0.1220517711959567,0.025784351482586926,0.09626741971336977,0.13762285530287785,0.31024930747922436,-0.04690728895340962,-0.07035713847766902,-0.26086713990550675
202506,1791,-0.02256895006506169,-0.03350127906593194,-0.022906671388699385,0.010594607677232557,-0.00033772132363769566,0.010932329000870253,0.0076605331062452875,0.31843575418994413,-0.022955334471230514,-0.022651770830871647,-0.09907851620058535
202507,1800,-0.00402505646963232,-0.05679603352316071,0.0032260763417204645,0.06002210986488118,0.007251132811352784,0.052770977053528394,0.03754734611277648,0.12222222222222222,0.0033918879265571163,-0.004027216520789115,-0.040693495485193125
202508,1797,-0.07350320729794883,-0.06675250907486194,-0.05779631875398612,0.008956190320875815,0.01570688854396271,-0.006750698223086896,0.0018374814035359704,0.16991643454038996,-0.06689503771670054,-0.07384576949068766,-0.1674113269007652
202509,1785,-0.02928602351962245,-0.06782192360486945,-0.04306545609462051,0.024756467510248945,-0.013779432574998057,0.038535900085247,0.005865377940174173,0.11764705882352941,-0.04370702158387761,-0.029209316815675724,-0.019358949911177762
202510,1737,-0.07357702626655777,-0.16128863225873638,-0.05911590701899842,0.10217272523973796,0.014461119247559343,0.08771160599217862,0.11604023791285585,0.1844380403458213,-0.06161898654905284,-0.07338953593642919,0.05133191176505236
202511,1719,0.01324237846999892,0.09178539896475342,0.008983131688753563,-0.08280226727599986,-0.004259246781245358,-0.0785430204947545,-0.07646832036326685,0.17732558139534885,0.009347962268438583,0.013068142564440072,-0.15190598728517898
202512,1742,0.06036737099559436,0.13569164203144893,0.0040440787731443936,-0.13164756325830454,-0.056323292222449965,-0.07532427103585457,-0.13934785280702192,0.1206896551724138,0.001512553762394417,0.06025025899767102,-0.2602267575394966
202513,1737,-0.04804520217542868,-0.15535869776615926,-0.033731428540881646,0.12162726922527761,0.014313773634547035,0.10731349559073058,0.10037330644475156,0.10086455331412104,-0.03293124267877215,-0.0478957041141821,-0.14741540209311146
202514,1692,-0.1282891790167357,-0.2054937802709665,-0.10396792083788749,0.101525859433079,0.024321258178848212,0.07720460125423079,0.10650432374287584,0.23964497041420119,-0.105687151282114,-0.12813678631132727,0.04572298580481288
202515,1704,0.09843514816690954,0.10095523249449855,0.09313369984540473,-0.007821532649093813,-0.005301448321504809,-0.0025200843275890034,0.00905874866264933,0.30498533724340177,0.09333541805961586,0.098721016080757,-0.24830110445956413
202516,1689,0.11249081213779956,0.17692656366117548,0.10994613133387994,-0.06698043232729554,-0.002544680803919619,-0.06443575152337593,-0.08298662989271831,0.3165680473372781,0.11134673306227852,0.11382615028305886,-0.27973750584961904
202517,1706,0.01111522752239757,0.005655830695127803,0.008229106525223361,0.002573275830095558,-0.0028861209971742085,0.005459396827269767,-0.07081866992095104,0.1378299120234604,0.008267234378632306,0.011191394042811411,-0.34135301020702996
202518,1731,0.012469772104666061,-0.04994682867735797,0.02499295514833481,0.07493978382569277,0.01252318304366875,0.06241660078202403,0.09249631069003118,0.1531791907514451,0.025125857826793958,0.012690564502634276,-0.11887930926426818
202519,1760,0.14655120773642832,0.5177991261499696,0.12519919037429927,-0.3925999357756703,-0.02135201736212905,-0.37124791841354127,-0.2875963642318031,0.21022727272727273,0.12498448366474396,0.14648349258932708,-0.7412671575986394
202520,1804,-0.010202494031094262,-0.051386749590489104,-0.0741963224598405,-0.02280957286935139,-0.06399382842874624,0.04118425555939484,0.023521553900893874,0.11634349030470914,-0.07308530428536537,-0.00989227044336986,-0.867781560176918
202521,1799,0.024928624657165072,-0.02494977194028445,0.027824975991850937,0.05277474793213539,0.0028963513346858642,0.049878396597449526,0.048372769041830466,0.18611111111111112,0.027884577515220388,0.024951797959073947,-0.8027916379741071
202522,1783,-0.04086602103514108,-0.12178790804161362,-0.03548083932005536,0.08630706872155826,0.005385181715085723,0.08092188700647254,0.09171177742177383,0.20448179271708683,-0.035443446701501874,-0.04093284344537066,-0.690095931586439
202523,1781,0.0504731007605659,0.029914033218516146,0.05148042294832085,0.021566389729804705,0.0010073221877549485,0.020559067542049756,0.01668965741086987,0.2808988764044944,0.05119519200647291,0.05025507355460674,-0.6750662882206753
202524,1794,-0.0695671078424069,-0.15449202573294232,-0.06255412985154787,0.09193789588139445,0.007012977990859023,0.08492491789053543,0.09628230645688995,0.1894150417827298,-0.06253142493671357,-0.06942756819845661,-0.5024712962184955
202525,1786,0.005322357844518166,-0.01147700224678358,0.006644782008538158,0.018121784255321738,0.001322424164019992,0.016799360091301747,0.01834920958563597,0.2773109243697479,0.006685226325119124,0.005538138501492375,-0.6381569596557735
202526,1808,-0.008567683021358503,-0.05672265509640113,-0.004187925424024657,0.05253472967237647,0.004379757597333846,0.04815497207504262,0.074114321209713,0.19889502762430938,-0.005535581649303096,-0.008644604226366157,-0.45354380595656874
202527,1797,0.040708403421623046,0.03506378635963783,0.038227146508101,0.0031633601484631693,-0.002481256913522044,0.005644617061985213,-0.04209705029211299,0.1615598885793872,0.03838034969524674,0.04072599975503883,-0.5458972918713086
202528,1814,0.11210440567772659,0.079481780819628,0.10764482792833362,0.02816304710870561,-0.004459577749392971,0.03262262485809858,-0.048339517060543416,0.16804407713498623,0.1080717079541547,0.11236416124593204,-0.44707077417854085
202529,1835,0.07253406357564861,0.08243557348397457,0.174438803338951,0.09200322985497644,0.1019047397633024,-0.009901509908325959,0.07146982631496547,0.12534059945504086,0.17917835385947148,0.07211060414679094,-0.07000205458153111
202530,1847,-0.027831783301282203,-0.031637185538491555,-0.045926425935319655,-0.0142892403968281,-0.018094642634037452,0.0038054022372093523,-0.058114704514499425,0.08401084010840108,-0.04587669282351447,-0.027976231987651236,-0.19464294738598067
202531,1836,-0.042457151633014216,-0.07608628231961652,-0.03633661002750776,0.03974967229210876,0.006120541605506458,0.0336291306866023,0.05689873239033529,0.16348773841961853,-0.03775914312091475,-0.04225232906406454,-0.22871400628471766
202532,1850,0.1004785341815877,0.1093697242785086,0.22803248072511997,0.11866275644661137,0.12755394654353228,-0.008891190096920909,0.08532659121670419,0.14054054054054055,0.09024764852932138,0.09985913261790619,-0.03095317662871198
202533,1869,-0.07427819770793974,-0.06022151959584096,-0.09307476055884548,-0.032853240963004515,-0.018796562850905738,-0.014056678112098778,-0.054997094473854556,0.13368983957219252,-0.09536461002616937,-0.07477481732154805,-0.04715687630381282
202534,1889,0.026671696691865455,0.001237022093643506,0.10196595595847299,0.10072893386482949,0.07529425926660754,0.02543467459822195,0.10091081990401837,0.17724867724867724,0.10160033560159268,0.02631333699558774,0.40852472035518406
202535,1891,-0.01728246104386663,-0.014499953739471376,-0.03467949319528176,-0.020179539455810386,-0.01739703215141513,-0.0027825073043952556,-0.031554482760903606,0.2328042328042328,-0.033257930113308534,-0.016906918219846943,0.36322601057638315
202536,1905,0.009308250924137514,0.038193448518623475,0.004699069178539858,-0.03349437934008362,-0.004609181745597655,-0.028885197594485962,-0.04970150765693003,0.18635170603674542,0.004700875573487946,0.00958328721981482,0.3706463771448307
202537,1906,0.0473770697117974,0.019152002474236023,0.051272754175225324,0.0321207517009893,0.0038956844634279245,0.028225067237561376,0.0063053448195990805,0.06561679790026247,0.05158725802733621,0.04777196399312698,0.4657045493952434
202538,1904,-0.050499665058070894,-0.11312199087969903,-0.0397648535323413,0.07335713734735773,0.010734811525729596,0.06262232582162813,0.08788787651155375,0.12860892388451445,-0.03966075342419851,-0.0504430669902127,0.627992541305938
202539,1964,0.006695997150812567,-0.028695073883380648,-0.015580812066278484,0.013114261817102164,-0.02227680921709105,0.035391071034193214,0.014624791687032757,0.24936386768447838,0.014893343747774148,0.006830323235748034,0.6946953156577776
202540,1958,0.06893070418485608,0.02183899530980292,0.0773050757380993,0.055466080428296385,0.00837437155324322,0.047091708875053165,0.06263421564333038,0.22448979591836735,0.07635395147412316,0.06898328015844032,0.7624415988255749
202541,1931,-0.08056823812273954,-0.1752166038593672,-0.07088733783217246,0.10432926602719472,0.009680900290567077,0.09464836573662765,0.1337295458516562,0.18652849740932642,-0.07147152600290155,-0.08086452661181992,0.8707621815551343
202542,1940,-0.05291943289689177,-0.09731997250955506,-0.05198677406076109,0.045333198448793965,0.0009326588361306815,0.044400539612663284,0.06961802575955776,0.19072164948453607,-0.05201721394799885,-0.05286298541355363,0.9108294747777207
202543,1916,0.03827709716858356,0.0015694139149177108,0.03774349395672563,0.03617408004180792,-0.0005336032118579276,0.03670768325366585,0.05002768239892313,0.17232375979112272,0.037369249191772196,0.03847433510614539,0.8833564843713095
202544,1861,-0.12238138713972586,-0.1914390809290768,-0.11871858345067449,0.07272049747840231,0.0036628036890513777,0.06905769378935094,0.06843554563577692,0.25806451612903225,-0.11934632348494482,-0.12238308859416383,0.8782798781473796
202545,1876,0.025584682421238493,0.057482464526946754,0.01882959238395051,-0.038652872142996245,-0.0067550900372879835,-0.03189778210570826,-0.025041177494344626,0.18666666666666668,0.018956437248986498,0.02546747860822802,1.0344042001909228
202546,1857,-0.08758403061766284,-0.11581841038436602,-0.056041463721018855,0.059776946663347166,0.03154256689664399,0.028234379766703177,0.08366483926342878,0.2776280323450135,-0.055689761699752746,-0.08757072854712633,1.1980036519923336
202547,1848,-0.057153536650257956,-0.05989165411272383,-0.07484205930125955,-0.014950405188535715,-0.01768852265100159,0.0027381174624658763,-0.01686096476671225,0.2702702702702703,-0.07843414798433826,-0.0574020880591342,1.4879063553922502
202548,1856,0.02773519501787608,-0.035254568201584534,-0.010947933345905263,0.02430663485567927,-0.03868312836378134,0.06298976321946062,0.018337735631227377,0.2560646900269542,-0.01048784372629551,0.028083773392773164,1.799865313189478
202549,1873,0.02659494554144649,-0.0044338353537226125,0.02691019429213731,0.031344029645859924,0.00031524875069081915,0.031028780895169104,0.02906488349530121,0.34933333333333333,0.026504608124289737,0.02634811724642679,2.036515002150874
202550,1866,-0.06546672126537031,-0.09391963769330981,-0.06260198793945423,0.03131764975385558,0.00286473332591608,0.028452916427939498,0.03070768839494642,0.3163538873994638,-0.06244246259252975,-0.06527957753849292,2.0081002049613503
202551,1870,-0.010015415666952365,-0.06774308410960568,-0.01907854136693242,0.04866454274267326,-0.009063125699980055,0.05772766844265331,0.05069894400579798,0.36363636363636365,-0.005346386110210249,-0.009586785705141099,1.9685897370909218
202552,1847,0.0017323598594751815,-0.0009300948986296314,0.004321826632356415,0.0052519215309860465,0.0025894667728812333,0.002662454758104813,0.0019821823161642747,0.3224932249322493,0.0036897921126190537,0.0017489457622634767,2.0215842636712043
202601,1849,0.06061493845729042,0.19568729083273065,0.038758119279443205,-0.15692917155328745,-0.021856819177847216,-0.13507235237544024,-0.15147582765822706,0.21351351351351353,0.039243419941454555,0.06058114011204972,1.8536510753286985
202602,1867,0.0545177679960554,0.03326412429463036,0.05488164750922948,0.021617523214599116,0.00036387951317407713,0.02125364370142504,-0.006838997371108012,0.17158176943699732,0.054659564978857884,0.05455245726570057,1.8823786950601997
202603,1840,-0.08693022053381085,-0.11143767845776334,-0.08561851138072515,0.025819167077038185,0.0013117091530856911,0.024507457923952494,0.06908268576827636,0.1956521739130435,-0.08566088524264637,-0.08714500724757955,1.8330395384112628
202604,1822,-0.0005849582154091094,0.1603596802740373,0.009218681568148753,-0.15114099870588854,0.009803639783557862,-0.1609446384894464,-0.20201320540332532,0.3131868131868132,-0.0009052960296885498,-0.000512439579235657,1.366414812630076
202605,1775,-0.19776133526117134,-0.20220777249791802,-0.17090675423207624,0.03130101826584178,0.026854581029095104,0.004446437236746675,0.05853769569259398,0.2140845070422535,-0.16592231471780552,-0.1974642953159251,1.2386053383499893
202606,1751,-0.08734661939387416,-0.1095355677867823,-0.025265430889828196,0.08427013689695412,0.06208118850404596,0.02218894839290815,0.10439870999951592,0.2857142857142857,-0.04151734428843346,-0.08741960378312864,1.3503485522213554
202607,1747,0.0015956671053116943,0.02529960976293958,0.017277905689891685,-0.008021704073047895,0.01568223858457999,-0.023703942657627885,-0.015230387034852317,0.28653295128939826,0.013667564091528316,0.001573707505425135,1.24226264772841
202608,1776,0.027515686411845153,-0.008450936072860822,0.01153310392819472,0.019984040001055543,-0.015982582483650434,0.03596662248470597,0.021449720722735034,0.2535211267605634,0.01235950616627796,0.02749096126893894,1.2602204089344546
202609,1779,0.05110889687952339,0.026814834157792945,0.003973942951753055,-0.02284089120603989,-0.04713495392777034,0.024294062721730448,-0.03490691177817062,0.3455056179775281,0.00297079599063601,0.051404861751822475,1.1807199985584782
202610,1778,-0.03090095566533379,-0.04152304233577013,-0.030765116217799534,0.010757926117970596,0.0001358394475342549,0.010622086670436341,0.01640946739442364,0.3707865168539326,-0.02990330772143818,-0.0308815737397756,1.0434046468416198
202611,1763,0.02628958848586805,0.030258634857025325,0.03235075990030485,0.002092125043279526,0.0060611714144368015,-0.003969046371157275,-0.0029698254684991585,0.4192634560906516,0.020254977887526004,0.026414335031690512,1.1978351272477366
202612,1760,-0.0023043493186210642,-0.02192697681273693,0.0004664507159954019,0.022393427528732333,0.0027708000346164663,0.019622627494115866,0.0376953705822459,0.28125,0.0010493166496046448,-0.0021946052538279037,1.500310700438984
202613,1743,-0.04169150448711732,-0.0724910393937405,-0.02105355142139981,0.0514374879723407,0.020637953065717512,0.030799534906623183,0.04951533136663128,0.28653295128939826,-0.03897904803016635,-0.042335471845715074,1.4008036211788186
202614,1721,0.032220120530938014,0.011243517302206133,0.009300741216973803,-0.00194277608523233,-0.022919379313964212,0.02097660322873188,-0.027907878351287406,0.3372093023255814,0.007854983149834663,0.032504659563934,1.2346026082685806
202615,1715,0.051049366336257236,0.0786006900272432,0.03232574672159201,-0.046274943305651184,-0.018723619614665225,-0.02755132369098596,-0.06789337281921426,0.358600583090379,0.03304415906731993,0.05133215963561192,1.1611846467159859
202616,1709,0.03438848165442122,0.03135975972450762,0.02383579755457494,-0.007523962169932681,-0.010552684099846277,0.0030287219299135956,-0.010600101772139964,0.3713450292397661,0.02724220017320119,0.03484407907819849,1.2775371914209268
202617,1690,-0.03296952680115606,-0.04939467450340307,-0.019273758967098303,0.030120915536304766,0.013695767834057754,0.01642514770224701,0.02866678522122024,0.1952662721893491,-0.01927672839678142,-0.03316869481728808,1.3260460270853804
202618,1689,0.06936564370118344,0.12751908074024676,0.05627326183431324,-0.07124581890593351,-0.013092381866870194,-0.058153437039063324,-0.09291284344628689,0.21597633136094674,0.059859624891975695,0.06987311076032034,1.061795835678034
202619,1712,-0.021753917280004496,0.021262170039812588,-0.012633802930406232,-0.03389597297021882,0.009120114349598264,-0.043016087319817084,-0.033871728685794446,0.34210526315789475,-0.01193573447817131,-0.021845326165575284,2.4383935661977505
202620,1723,-0.02847979410289796,-0.099618888248253,-0.0170110044859756,0.0826078837622774,0.01146878961692236,0.07113909414535505,0.09428916834211952,0.2318840579710145,-0.016253939075076794,-0.02858291146384349,2.6864511807429614
202621,1715,-0.03776686944708422,-0.01962409844367229,-0.007649877966933299,0.01197422047673899,0.030116991480150918,-0.01814277100341193,0.004296482343195727,0.30903790087463556,-0.004501530160692248,-0.03784760389465098,2.59212136412895
202622,1714,-0.1146704005598161,-0.1104200783486629,-0.012300216329186597,0.0981198620194763,0.1023701842306295,-0.004250322211153207,0.1303985139864995,0.39067055393586003,-0.005191378122663882,-0.1154459385172728,2.607499704666715
202623,1701,-0.0641357056851475,-0.054577526357349165,-0.19017482994599438,-0.13559730358864522,-0.1260391242608469,-0.00955817932779833,-0.13706058388032147,0.28823529411764703,-0.2174293605123641,-0.06399995773124162,2.061100682667475
202624,1681,0.057670577118354716,0.08106704276163587,0.05642735599875626,-0.024639686762879615,-0.0012432211195984588,-0.023396465643281156,-0.03035340665922026,0.4791666666666667,0.06686041211851623,0.057725141606455144,1.809478291752459
202625,1678,-0.05889074679717414,-0.0960510149885003,-0.0703803055778726,0.0256707094106277,-0.011489558780698461,0.03716026819132616,0.03202977543260929,0.2857142857142857,-0.07647113381877078,-0.05904558705206265,1.826786269638807
202626,1658,-0.013027030389832635,-0.024783947896781334,-0.0459266262113792,-0.021142678314597863,-0.032899595821546564,0.011756917506948699,-0.031186115798453366,0.3885542168674699,-0.05218374098112859,-0.013245868891781323,1.6535224005054356
202627,1652,0.040155224849491494,0.008750999960411645,0.013621615146165193,0.004870615185753548,-0.0265336097033263,0.031404224889079846,0.0017702157300532075,0.31212121212121213,0.014631064951537502,0.040380949986644155,1.657717616455712
202628,1647,0.04269132750683365,0.003868531750250106,0.04613518799170382,0.04226665624145371,0.003443860484870165,0.038822795756583546,0.006197610956931936,0.3373860182370821,0.04603114030774739,0.042852983248742274,1.688176496182161
202629,1647,-0.0075690088821142015,-0.02493247976479717,-0.004596442353489871,0.0203360374113073,0.0029725665286243303,0.017363470882682967,0.020690243242875894,0.2948328267477204,-0.00515853439277948,-0.0074605069982603195,1.5462287039221956
